date,platform,post_type,likes,shares,comments,views,platform_encoded,post_type_encoded,year,month,day_of_week,week_of_year
10/13/2022,Twitter,video,665,690,232,6796,0,1,2022,10,3,41
10/14/2022,Twitter,image,1419,131,414,8810,0,0,2022,10,4,41
10/14/2022,Instagram,text,949,316,217,7760,1,2,2022,10,4,41
10/14/2022,Facebook,text,829,286,480,4131,2,2,2022,10,4,41
10/14/2022,Facebook,image,1839,530,293,9667,2,0,2022,10,4,41
10/14/2022,Facebook,text,1498,689,362,8387,2,2,2022,10,4,41
10/14/2022,Facebook,video,627,812,385,8691,2,1,2022,10,4,41
10/15/2022,Facebook,image,2104,640,263,4077,2,0,2022,10,5,41
10/15/2022,Instagram,video,2198,867,319,6823,1,1,2022,10,5,41
10/15/2022,Twitter,image,1849,507,185,5816,0,0,2022,10,5,41
10/15/2022,Twitter,text,2126,580,106,6650,0,2,2022,10,5,41
10/15/2022,Twitter,text,1608,742,140,8036,0,2,2022,10,5,41
10/15/2022,Twitter,video,481,488,146,4531,0,1,2022,10,5,41
10/16/2022,Twitter,image,656,243,486,6251,0,0,2022,10,6,41
10/16/2022,Facebook,image,1386,667,423,8287,2,0,2022,10,6,41
10/16/2022,Twitter,text,1207,367,132,5559,0,2,2022,10,6,41
10/16/2022,Instagram,text,1639,872,337,8755,1,2,2022,10,6,41
10/16/2022,Instagram,video,708,774,417,8055,1,1,2022,10,6,41
10/16/2022,Facebook,video,578,228,296,8656,2,1,2022,10,6,41
10/17/2022,Instagram,text,1671,589,274,5616,1,2,2022,10,0,42
10/17/2022,Facebook,text,1236,305,329,8595,2,2,2022,10,0,42
10/17/2022,Facebook,image,1832,686,438,5704,2,0,2022,10,0,42
10/17/2022,Instagram,video,1307,328,415,9355,1,1,2022,10,0,42
10/17/2022,Twitter,video,1835,670,119,7783,0,1,2022,10,0,42
10/17/2022,Twitter,image,2067,238,436,8121,0,0,2022,10,0,42
10/17/2022,Facebook,text,1227,641,320,8679,2,2,2022,10,0,42
10/17/2022,Facebook,video,600,551,136,7682,2,1,2022,10,0,42
10/18/2022,Twitter,image,1184,348,500,4221,0,0,2022,10,1,42
10/18/2022,Facebook,video,970,297,429,4430,2,1,2022,10,1,42
10/19/2022,Twitter,text,1197,850,155,8959,0,2,2022,10,2,42
10/19/2022,Facebook,video,1461,359,241,5644,2,1,2022,10,2,42
10/19/2022,Facebook,text,1435,194,478,4387,2,2,2022,10,2,42
10/19/2022,Instagram,video,1629,794,481,4784,1,1,2022,10,2,42
10/19/2022,Instagram,text,1096,662,454,9274,1,2,2022,10,2,42
10/19/2022,Twitter,video,1387,822,107,8228,0,1,2022,10,2,42
10/20/2022,Twitter,text,1811,642,413,7738,0,2,2022,10,3,42
10/20/2022,Twitter,video,2146,255,444,9596,0,1,2022,10,3,42
10/20/2022,Instagram,text,1970,737,367,8536,1,2,2022,10,3,42
10/21/2022,Twitter,image,576,447,419,6777,0,0,2022,10,4,42
10/21/2022,Twitter,video,596,538,303,6550,0,1,2022,10,4,42
10/21/2022,Instagram,image,1121,763,189,4064,1,0,2022,10,4,42
10/21/2022,Twitter,video,623,415,149,9094,0,1,2022,10,4,42
10/22/2022,Instagram,text,550,337,137,7455,1,2,2022,10,5,42
10/22/2022,Facebook,text,953,853,377,4887,2,2,2022,10,5,42
10/22/2022,Instagram,image,840,787,347,4377,1,0,2022,10,5,42
10/22/2022,Twitter,text,1312,590,165,9324,0,2,2022,10,5,42
10/22/2022,Twitter,image,1456,781,484,9195,0,0,2022,10,5,42
10/22/2022,Twitter,video,1328,805,410,6282,0,1,2022,10,5,42
10/22/2022,Twitter,image,1103,444,267,9756,0,0,2022,10,5,42
10/22/2022,Instagram,video,1559,898,139,9531,1,1,2022,10,5,42
10/22/2022,Twitter,text,808,162,334,4028,0,2,2022,10,5,42
10/23/2022,Facebook,image,502,898,129,6521,2,0,2022,10,6,42
10/23/2022,Instagram,video,2027,889,413,5947,1,1,2022,10,6,42
10/23/2022,Instagram,video,1144,428,283,6667,1,1,2022,10,6,42
10/23/2022,Facebook,video,1501,320,331,6778,2,1,2022,10,6,42
10/23/2022,Facebook,video,1871,881,337,5642,2,1,2022,10,6,42
10/23/2022,Instagram,image,1948,801,416,6023,1,0,2022,10,6,42
10/24/2022,Twitter,text,1773,528,352,6754,0,2,2022,10,0,43
10/24/2022,Instagram,image,1896,461,216,7535,1,0,2022,10,0,43
10/24/2022,Instagram,image,1049,456,203,4673,1,0,2022,10,0,43
10/24/2022,Instagram,video,911,209,401,8290,1,1,2022,10,0,43
10/25/2022,Twitter,text,1877,403,150,9291,0,2,2022,10,1,43
10/25/2022,Instagram,video,898,114,243,9011,1,1,2022,10,1,43
10/25/2022,Instagram,text,565,670,199,5681,1,2,2022,10,1,43
10/26/2022,Twitter,text,657,450,335,8418,0,2,2022,10,2,43
10/26/2022,Instagram,video,1465,372,154,4446,1,1,2022,10,2,43
10/26/2022,Instagram,text,2142,241,183,5550,1,2,2022,10,2,43
10/26/2022,Twitter,image,1837,806,199,6694,0,0,2022,10,2,43
10/26/2022,Facebook,text,1140,680,439,7962,2,2,2022,10,2,43
10/26/2022,Instagram,video,2130,765,181,9787,1,1,2022,10,2,43
10/26/2022,Facebook,image,1296,491,252,8187,2,0,2022,10,2,43
10/26/2022,Facebook,video,1852,684,185,6223,2,1,2022,10,2,43
10/26/2022,Instagram,image,773,403,205,6136,1,0,2022,10,2,43
10/27/2022,Facebook,image,1072,348,284,5746,2,0,2022,10,3,43
10/27/2022,Instagram,video,494,382,176,8015,1,1,2022,10,3,43
10/27/2022,Twitter,video,752,293,235,6609,0,1,2022,10,3,43
10/27/2022,Facebook,image,1496,571,353,8760,2,0,2022,10,3,43
10/27/2022,Facebook,image,1186,829,135,8335,2,0,2022,10,3,43
10/27/2022,Twitter,video,1740,296,491,5059,0,1,2022,10,3,43
10/27/2022,Instagram,image,583,249,461,9463,1,0,2022,10,3,43
10/27/2022,Instagram,video,881,350,217,8945,1,1,2022,10,3,43
10/28/2022,Instagram,image,546,390,190,9807,1,0,2022,10,4,43
10/28/2022,Instagram,image,1620,220,487,4973,1,0,2022,10,4,43
10/28/2022,Facebook,image,753,618,227,8010,2,0,2022,10,4,43
10/28/2022,Facebook,text,2078,825,452,4369,2,2,2022,10,4,43
10/28/2022,Twitter,image,788,298,494,9537,0,0,2022,10,4,43
10/28/2022,Facebook,video,515,433,423,7151,2,1,2022,10,4,43
10/28/2022,Instagram,image,2166,482,401,8331,1,0,2022,10,4,43
10/28/2022,Instagram,image,1212,664,220,6445,1,0,2022,10,4,43
10/28/2022,Facebook,image,1577,341,145,5547,2,0,2022,10,4,43
10/28/2022,Twitter,video,915,387,485,7739,0,1,2022,10,4,43
10/29/2022,Twitter,image,1660,470,374,6571,0,0,2022,10,5,43
10/30/2022,Instagram,text,574,387,244,4954,1,2,2022,10,6,43
10/30/2022,Twitter,video,954,501,211,4296,0,1,2022,10,6,43
10/30/2022,Twitter,video,1640,651,304,8268,0,1,2022,10,6,43
10/30/2022,Instagram,image,1247,156,142,5743,1,0,2022,10,6,43
10/30/2022,Instagram,video,1968,540,444,5172,1,1,2022,10,6,43
10/30/2022,Facebook,video,521,206,331,6284,2,1,2022,10,6,43
10/30/2022,Instagram,text,1694,523,310,8930,1,2,2022,10,6,43
10/30/2022,Instagram,text,1451,737,302,6810,1,2,2022,10,6,43
10/30/2022,Twitter,image,1370,882,207,5512,0,0,2022,10,6,43
10/30/2022,Twitter,video,1191,740,166,9044,0,1,2022,10,6,43
10/31/2022,Instagram,video,1065,863,388,8486,1,1,2022,10,0,44
10/31/2022,Twitter,text,579,308,230,6120,0,2,2022,10,0,44
10/31/2022,Twitter,video,1996,523,279,7796,0,1,2022,10,0,44
10/31/2022,Facebook,video,1947,813,310,5268,2,1,2022,10,0,44
10/31/2022,Instagram,video,485,663,236,9927,1,1,2022,10,0,44
10/31/2022,Instagram,video,594,696,388,7916,1,1,2022,10,0,44
10/31/2022,Instagram,image,694,511,179,8805,1,0,2022,10,0,44
10/31/2022,Twitter,image,950,880,463,6306,0,0,2022,10,0,44
11/1/2022,Instagram,image,995,663,500,7034,1,0,2022,11,1,44
11/1/2022,Instagram,text,1471,255,364,5177,1,2,2022,11,1,44
11/1/2022,Facebook,video,833,118,473,5393,2,1,2022,11,1,44
11/2/2022,Instagram,image,454,877,103,5012,1,0,2022,11,2,44
11/2/2022,Twitter,image,1136,228,227,8137,0,0,2022,11,2,44
11/2/2022,Instagram,image,1435,546,325,8579,1,0,2022,11,2,44
11/2/2022,Facebook,image,1888,803,247,7962,2,0,2022,11,2,44
11/2/2022,Facebook,text,1155,417,327,7616,2,2,2022,11,2,44
11/2/2022,Instagram,text,1394,688,383,6236,1,2,2022,11,2,44
11/3/2022,Facebook,video,1921,577,374,4956,2,1,2022,11,3,44
11/3/2022,Instagram,image,1394,635,431,9486,1,0,2022,11,3,44
11/3/2022,Instagram,text,1630,627,399,6347,1,2,2022,11,3,44
11/3/2022,Twitter,video,1932,355,117,4545,0,1,2022,11,3,44
11/3/2022,Facebook,video,896,206,384,6887,2,1,2022,11,3,44
11/4/2022,Twitter,image,792,214,254,6429,0,0,2022,11,4,44
11/4/2022,Facebook,text,495,634,403,9970,2,2,2022,11,4,44
11/4/2022,Twitter,text,1832,436,101,5109,0,2,2022,11,4,44
11/4/2022,Twitter,video,691,388,284,6791,0,1,2022,11,4,44
11/4/2022,Twitter,text,1224,351,432,9529,0,2,2022,11,4,44
11/4/2022,Facebook,video,751,893,415,4968,2,1,2022,11,4,44
11/4/2022,Facebook,image,2124,427,197,9802,2,0,2022,11,4,44
11/5/2022,Facebook,image,2084,548,448,8178,2,0,2022,11,5,44
11/5/2022,Facebook,image,1182,733,389,4684,2,0,2022,11,5,44
11/6/2022,Facebook,image,508,591,272,4693,2,0,2022,11,6,44
11/6/2022,Facebook,video,1215,308,474,8671,2,1,2022,11,6,44
11/6/2022,Instagram,video,1445,212,326,5583,1,1,2022,11,6,44
11/6/2022,Facebook,video,1322,646,204,9782,2,1,2022,11,6,44
11/7/2022,Twitter,video,1936,282,336,4454,0,1,2022,11,0,45
11/7/2022,Instagram,video,1521,370,217,4948,1,1,2022,11,0,45
11/7/2022,Facebook,text,1167,594,225,9657,2,2,2022,11,0,45
11/7/2022,Facebook,text,420,636,394,6543,2,2,2022,11,0,45
11/7/2022,Twitter,image,1351,771,363,6608,0,0,2022,11,0,45
11/7/2022,Facebook,text,446,855,498,4108,2,2,2022,11,0,45
11/7/2022,Facebook,image,1010,853,442,6879,2,0,2022,11,0,45
11/7/2022,Twitter,text,1961,855,253,6871,0,2,2022,11,0,45
11/8/2022,Instagram,image,1220,534,301,6609,1,0,2022,11,1,45
11/8/2022,Instagram,image,1871,663,278,9288,1,0,2022,11,1,45
11/8/2022,Instagram,text,452,877,335,7517,1,2,2022,11,1,45
11/8/2022,Twitter,video,1244,669,396,9416,0,1,2022,11,1,45
11/9/2022,Facebook,video,457,319,492,4349,2,1,2022,11,2,45
11/9/2022,Twitter,image,2156,421,476,4279,0,0,2022,11,2,45
11/9/2022,Facebook,text,1782,653,395,8650,2,2,2022,11,2,45
11/9/2022,Facebook,video,1168,708,488,9645,2,1,2022,11,2,45
11/9/2022,Twitter,image,789,117,106,8850,0,0,2022,11,2,45
11/9/2022,Facebook,video,918,252,157,6209,2,1,2022,11,2,45
11/9/2022,Instagram,video,2146,553,365,5307,1,1,2022,11,2,45
11/10/2022,Instagram,text,1324,398,238,4783,1,2,2022,11,3,45
11/10/2022,Instagram,video,1638,842,212,8164,1,1,2022,11,3,45
11/10/2022,Twitter,image,1154,708,273,6227,0,0,2022,11,3,45
11/11/2022,Twitter,image,1845,192,382,4115,0,0,2022,11,4,45
11/11/2022,Facebook,text,1059,676,157,9136,2,2,2022,11,4,45
11/11/2022,Facebook,text,1807,767,497,5650,2,2,2022,11,4,45
11/11/2022,Facebook,image,580,490,322,4267,2,0,2022,11,4,45
11/12/2022,Facebook,image,1436,835,264,6689,2,0,2022,11,5,45
11/12/2022,Twitter,image,766,424,162,9857,0,0,2022,11,5,45
11/12/2022,Instagram,image,1840,541,180,6885,1,0,2022,11,5,45
11/12/2022,Twitter,video,1746,450,273,6583,0,1,2022,11,5,45
11/12/2022,Instagram,image,1519,469,354,4050,1,0,2022,11,5,45
11/12/2022,Twitter,text,2012,287,215,9056,0,2,2022,11,5,45
11/12/2022,Instagram,image,1895,446,164,6831,1,0,2022,11,5,45
11/12/2022,Twitter,text,677,177,211,9726,0,2,2022,11,5,45
11/12/2022,Twitter,video,600,617,473,4243,0,1,2022,11,5,45
11/12/2022,Twitter,video,516,319,252,6815,0,1,2022,11,5,45
11/13/2022,Instagram,image,2064,885,106,4295,1,0,2022,11,6,45
11/13/2022,Instagram,image,2166,254,342,4229,1,0,2022,11,6,45
11/13/2022,Facebook,video,1813,584,497,6216,2,1,2022,11,6,45
11/13/2022,Twitter,video,423,458,230,6681,0,1,2022,11,6,45
11/13/2022,Twitter,image,1652,891,410,8741,0,0,2022,11,6,45
11/13/2022,Facebook,text,570,452,196,9186,2,2,2022,11,6,45
11/13/2022,Facebook,video,2030,539,206,4209,2,1,2022,11,6,45
11/13/2022,Facebook,image,2115,474,455,7908,2,0,2022,11,6,45
11/13/2022,Facebook,text,1533,845,108,7910,2,2,2022,11,6,45
11/13/2022,Instagram,video,2006,193,335,7099,1,1,2022,11,6,45
11/14/2022,Instagram,image,2112,374,316,5929,1,0,2022,11,0,46
11/14/2022,Instagram,image,785,616,453,4486,1,0,2022,11,0,46
11/14/2022,Twitter,video,1783,543,255,6413,0,1,2022,11,0,46
11/14/2022,Instagram,image,474,817,479,6768,1,0,2022,11,0,46
11/14/2022,Facebook,text,2105,899,290,6528,2,2,2022,11,0,46
11/14/2022,Instagram,text,1118,734,367,8681,1,2,2022,11,0,46
11/15/2022,Instagram,text,1549,809,457,5942,1,2,2022,11,1,46
11/15/2022,Facebook,text,466,686,463,4594,2,2,2022,11,1,46
11/15/2022,Facebook,text,600,578,374,5558,2,2,2022,11,1,46
11/15/2022,Facebook,text,817,575,171,5881,2,2,2022,11,1,46
11/15/2022,Instagram,text,870,348,291,7667,1,2,2022,11,1,46
11/15/2022,Instagram,video,2095,306,111,7716,1,1,2022,11,1,46
11/15/2022,Instagram,text,1383,349,332,6486,1,2,2022,11,1,46
11/16/2022,Instagram,text,1328,726,470,6454,1,2,2022,11,2,46
11/16/2022,Facebook,text,1861,169,441,7547,2,2,2022,11,2,46
11/16/2022,Facebook,text,1996,795,142,7884,2,2,2022,11,2,46
11/16/2022,Instagram,video,448,640,185,9981,1,1,2022,11,2,46
11/16/2022,Facebook,image,961,262,350,7459,2,0,2022,11,2,46
11/16/2022,Facebook,text,974,367,253,4112,2,2,2022,11,2,46
11/16/2022,Facebook,text,1906,852,343,5595,2,2,2022,11,2,46
11/17/2022,Instagram,text,1292,751,201,6506,1,2,2022,11,3,46
11/17/2022,Instagram,text,672,181,119,4265,1,2,2022,11,3,46
11/17/2022,Instagram,video,1728,844,377,6945,1,1,2022,11,3,46
11/17/2022,Facebook,text,832,213,482,9172,2,2,2022,11,3,46
11/18/2022,Twitter,text,805,602,137,6910,0,2,2022,11,4,46
11/18/2022,Twitter,text,1802,704,262,4169,0,2,2022,11,4,46
11/18/2022,Instagram,text,1181,168,444,7530,1,2,2022,11,4,46
11/18/2022,Facebook,image,1665,894,135,6442,2,0,2022,11,4,46
11/18/2022,Facebook,image,900,476,264,8481,2,0,2022,11,4,46
11/18/2022,Twitter,image,696,545,497,4837,0,0,2022,11,4,46
11/18/2022,Twitter,image,912,357,191,8977,0,0,2022,11,4,46
11/19/2022,Twitter,image,1580,270,382,9539,0,0,2022,11,5,46
11/19/2022,Facebook,video,1389,712,192,6896,2,1,2022,11,5,46
11/19/2022,Instagram,image,1716,549,122,8949,1,0,2022,11,5,46
11/19/2022,Instagram,video,751,116,270,8123,1,1,2022,11,5,46
11/19/2022,Facebook,video,988,662,110,8296,2,1,2022,11,5,46
11/20/2022,Twitter,video,1722,356,245,9310,0,1,2022,11,6,46
11/20/2022,Twitter,text,867,628,337,7523,0,2,2022,11,6,46
11/20/2022,Instagram,video,1929,136,245,8730,1,1,2022,11,6,46
11/20/2022,Facebook,image,1062,799,337,6440,2,0,2022,11,6,46
11/21/2022,Instagram,text,630,532,302,8841,1,2,2022,11,0,47
11/21/2022,Twitter,text,1814,754,185,4043,0,2,2022,11,0,47
11/21/2022,Instagram,image,898,792,104,9764,1,0,2022,11,0,47
11/22/2022,Twitter,image,717,875,228,4388,0,0,2022,11,1,47
11/22/2022,Facebook,image,1701,719,467,7982,2,0,2022,11,1,47
11/22/2022,Instagram,image,1888,464,105,4552,1,0,2022,11,1,47
11/22/2022,Twitter,image,1922,307,149,7533,0,0,2022,11,1,47
11/22/2022,Facebook,text,1284,805,188,6708,2,2,2022,11,1,47
11/22/2022,Twitter,image,1685,539,160,6594,0,0,2022,11,1,47
11/22/2022,Facebook,video,1825,186,252,6460,2,1,2022,11,1,47
11/22/2022,Facebook,image,447,131,365,5099,2,0,2022,11,1,47
11/22/2022,Instagram,image,1844,130,166,8228,1,0,2022,11,1,47
11/23/2022,Instagram,text,1438,536,350,7241,1,2,2022,11,2,47
11/23/2022,Instagram,video,1178,848,203,9207,1,1,2022,11,2,47
11/23/2022,Instagram,image,1261,542,364,8537,1,0,2022,11,2,47
11/23/2022,Twitter,text,1284,733,244,7352,0,2,2022,11,2,47
11/24/2022,Instagram,image,1200,675,325,4348,1,0,2022,11,3,47
11/24/2022,Twitter,video,2188,402,266,7059,0,1,2022,11,3,47
11/24/2022,Facebook,image,1169,311,265,8102,2,0,2022,11,3,47
11/24/2022,Facebook,video,767,259,289,8990,2,1,2022,11,3,47
11/24/2022,Facebook,image,889,162,314,8331,2,0,2022,11,3,47
11/24/2022,Facebook,video,1734,706,106,7745,2,1,2022,11,3,47
11/25/2022,Instagram,video,2045,482,109,8918,1,1,2022,11,4,47
11/25/2022,Instagram,text,2052,401,151,4692,1,2,2022,11,4,47
11/25/2022,Instagram,text,1835,434,343,6008,1,2,2022,11,4,47
11/26/2022,Facebook,video,1711,318,412,4018,2,1,2022,11,5,47
11/26/2022,Twitter,image,856,122,259,8274,0,0,2022,11,5,47
11/26/2022,Instagram,text,562,267,256,6301,1,2,2022,11,5,47
11/26/2022,Twitter,text,2082,465,177,9557,0,2,2022,11,5,47
11/27/2022,Facebook,video,1083,304,263,7889,2,1,2022,11,6,47
11/27/2022,Facebook,video,492,558,267,8274,2,1,2022,11,6,47
11/27/2022,Facebook,text,2155,128,148,7065,2,2,2022,11,6,47
11/28/2022,Instagram,image,756,149,150,4526,1,0,2022,11,0,48
11/28/2022,Twitter,image,953,806,474,8074,0,0,2022,11,0,48
11/28/2022,Twitter,image,1937,758,424,8152,0,0,2022,11,0,48
11/28/2022,Instagram,video,1932,691,425,4994,1,1,2022,11,0,48
11/28/2022,Twitter,text,1811,233,225,9796,0,2,2022,11,0,48
11/28/2022,Twitter,text,1162,342,280,7446,0,2,2022,11,0,48
11/28/2022,Twitter,image,1486,461,254,4442,0,0,2022,11,0,48
11/29/2022,Instagram,image,410,186,359,6355,1,0,2022,11,1,48
11/29/2022,Instagram,video,1320,395,218,9815,1,1,2022,11,1,48
11/29/2022,Instagram,text,1092,883,254,7294,1,2,2022,11,1,48
11/29/2022,Twitter,image,670,178,356,8318,0,0,2022,11,1,48
11/29/2022,Twitter,image,1915,153,110,5117,0,0,2022,11,1,48
11/30/2022,Facebook,image,1156,395,455,6757,2,0,2022,11,2,48
11/30/2022,Twitter,image,1910,530,431,4818,0,0,2022,11,2,48
11/30/2022,Facebook,text,1563,241,296,9807,2,2,2022,11,2,48
11/30/2022,Facebook,image,1175,611,183,5616,2,0,2022,11,2,48
11/30/2022,Instagram,text,1268,295,380,7415,1,2,2022,11,2,48
12/1/2022,Facebook,image,1568,311,467,7144,2,0,2022,12,3,48
12/1/2022,Facebook,video,1446,811,402,7306,2,1,2022,12,3,48
12/1/2022,Instagram,text,1011,380,174,8422,1,2,2022,12,3,48
12/1/2022,Instagram,image,840,786,416,8076,1,0,2022,12,3,48
12/1/2022,Twitter,image,1913,391,112,6221,0,0,2022,12,3,48
12/1/2022,Instagram,text,1242,683,125,4886,1,2,2022,12,3,48
12/1/2022,Twitter,image,454,465,335,8004,0,0,2022,12,3,48
12/2/2022,Twitter,video,867,343,331,5152,0,1,2022,12,4,48
12/2/2022,Twitter,video,992,877,241,6375,0,1,2022,12,4,48
12/2/2022,Facebook,video,2114,540,476,4921,2,1,2022,12,4,48
12/2/2022,Twitter,image,934,501,254,8947,0,0,2022,12,4,48
12/2/2022,Facebook,video,2115,364,462,8084,2,1,2022,12,4,48
12/2/2022,Instagram,image,1336,696,332,4127,1,0,2022,12,4,48
12/2/2022,Instagram,video,1855,578,334,5541,1,1,2022,12,4,48
12/3/2022,Facebook,text,1468,294,187,6256,2,2,2022,12,5,48
12/3/2022,Facebook,text,583,842,280,7639,2,2,2022,12,5,48
12/3/2022,Instagram,video,1096,577,107,6354,1,1,2022,12,5,48
12/3/2022,Twitter,image,1812,270,489,4038,0,0,2022,12,5,48
12/3/2022,Instagram,image,771,276,459,6118,1,0,2022,12,5,48
12/3/2022,Instagram,text,406,521,415,8467,1,2,2022,12,5,48
12/3/2022,Facebook,video,462,564,258,6522,2,1,2022,12,5,48
12/3/2022,Twitter,text,1385,579,134,7552,0,2,2022,12,5,48
12/4/2022,Twitter,text,1508,101,151,6543,0,2,2022,12,6,48
12/4/2022,Twitter,video,1374,880,285,7079,0,1,2022,12,6,48
12/4/2022,Twitter,video,981,318,438,6099,0,1,2022,12,6,48
12/4/2022,Twitter,video,784,525,461,4628,0,1,2022,12,6,48
12/5/2022,Facebook,image,1297,294,259,7699,2,0,2022,12,0,49
12/5/2022,Twitter,text,801,782,114,5396,0,2,2022,12,0,49
12/5/2022,Facebook,video,599,782,190,5729,2,1,2022,12,0,49
12/5/2022,Instagram,image,1067,355,372,8735,1,0,2022,12,0,49
12/5/2022,Twitter,text,792,745,432,6347,0,2,2022,12,0,49
12/6/2022,Instagram,text,2098,318,431,8962,1,2,2022,12,1,49
12/6/2022,Facebook,image,650,247,247,8841,2,0,2022,12,1,49
12/6/2022,Instagram,image,403,866,412,9538,1,0,2022,12,1,49
12/7/2022,Instagram,text,1558,231,124,9426,1,2,2022,12,2,49
12/7/2022,Twitter,video,1160,241,402,5805,0,1,2022,12,2,49
12/7/2022,Twitter,text,1662,229,453,9523,0,2,2022,12,2,49
12/7/2022,Instagram,text,784,310,435,6941,1,2,2022,12,2,49
12/7/2022,Twitter,video,803,860,190,9791,0,1,2022,12,2,49
12/7/2022,Twitter,image,796,462,286,9556,0,0,2022,12,2,49
12/7/2022,Facebook,image,1153,471,458,5196,2,0,2022,12,2,49
12/7/2022,Facebook,text,1609,804,267,6409,2,2,2022,12,2,49
12/7/2022,Twitter,text,1578,731,491,7528,0,2,2022,12,2,49
12/7/2022,Facebook,image,1738,654,327,5755,2,0,2022,12,2,49
12/7/2022,Twitter,video,1257,636,457,9449,0,1,2022,12,2,49
12/8/2022,Instagram,image,414,755,380,7846,1,0,2022,12,3,49
12/8/2022,Instagram,image,403,524,306,7570,1,0,2022,12,3,49
12/8/2022,Twitter,text,2039,524,186,8285,0,2,2022,12,3,49
12/8/2022,Instagram,image,851,161,426,4655,1,0,2022,12,3,49
12/8/2022,Facebook,video,618,865,436,8206,2,1,2022,12,3,49
12/8/2022,Facebook,image,640,308,373,9170,2,0,2022,12,3,49
12/9/2022,Facebook,text,1462,668,195,4786,2,2,2022,12,4,49
12/9/2022,Instagram,text,2134,785,293,7442,1,2,2022,12,4,49
12/9/2022,Facebook,text,683,870,395,7303,2,2,2022,12,4,49
12/9/2022,Facebook,image,1303,536,163,9396,2,0,2022,12,4,49
12/9/2022,Twitter,video,1852,296,144,6617,0,1,2022,12,4,49
12/9/2022,Twitter,image,570,837,374,8466,0,0,2022,12,4,49
12/9/2022,Twitter,image,1094,613,115,4716,0,0,2022,12,4,49
12/10/2022,Instagram,text,2077,617,395,7790,1,2,2022,12,5,49
12/10/2022,Twitter,text,572,334,468,8130,0,2,2022,12,5,49
12/10/2022,Instagram,text,746,157,193,4752,1,2,2022,12,5,49
12/10/2022,Instagram,image,1306,349,113,8678,1,0,2022,12,5,49
12/10/2022,Twitter,video,474,349,341,5496,0,1,2022,12,5,49
12/10/2022,Twitter,text,605,531,316,9622,0,2,2022,12,5,49
12/11/2022,Facebook,image,887,182,172,4843,2,0,2022,12,6,49
12/11/2022,Twitter,video,1241,261,343,4485,0,1,2022,12,6,49
12/11/2022,Instagram,image,1401,332,341,5814,1,0,2022,12,6,49
12/11/2022,Twitter,text,1032,139,305,6172,0,2,2022,12,6,49
12/12/2022,Facebook,text,1042,821,495,9099,2,2,2022,12,0,50
12/12/2022,Instagram,video,945,202,426,8876,1,1,2022,12,0,50
12/12/2022,Instagram,video,786,353,358,6863,1,1,2022,12,0,50
12/12/2022,Instagram,image,1160,224,454,4287,1,0,2022,12,0,50
12/12/2022,Twitter,text,948,795,485,9737,0,2,2022,12,0,50
12/13/2022,Twitter,video,2021,107,490,8040,0,1,2022,12,1,50
12/13/2022,Facebook,text,1974,886,393,7712,2,2,2022,12,1,50
12/13/2022,Instagram,video,1437,687,212,4287,1,1,2022,12,1,50
12/13/2022,Twitter,text,988,574,181,5581,0,2,2022,12,1,50
12/13/2022,Twitter,text,1158,779,260,7984,0,2,2022,12,1,50
12/13/2022,Facebook,video,1161,802,441,8556,2,1,2022,12,1,50
12/13/2022,Facebook,image,1713,468,425,5045,2,0,2022,12,1,50
12/14/2022,Instagram,text,1207,149,210,9307,1,2,2022,12,2,50
12/14/2022,Facebook,video,1437,215,441,7219,2,1,2022,12,2,50
12/15/2022,Instagram,image,2099,301,391,5019,1,0,2022,12,3,50
12/15/2022,Facebook,text,2140,360,317,5779,2,2,2022,12,3,50
12/15/2022,Instagram,video,1371,125,235,7774,1,1,2022,12,3,50
12/15/2022,Instagram,video,1784,792,256,4602,1,1,2022,12,3,50
12/15/2022,Twitter,text,1785,644,225,9243,0,2,2022,12,3,50
12/16/2022,Twitter,image,955,675,330,5736,0,0,2022,12,4,50
12/16/2022,Twitter,video,738,382,207,6090,0,1,2022,12,4,50
12/16/2022,Twitter,text,473,884,432,7694,0,2,2022,12,4,50
12/16/2022,Twitter,text,1893,823,152,9659,0,2,2022,12,4,50
12/16/2022,Facebook,image,1746,324,491,8531,2,0,2022,12,4,50
12/16/2022,Twitter,text,924,707,373,6946,0,2,2022,12,4,50
12/16/2022,Instagram,text,1943,632,179,8109,1,2,2022,12,4,50
12/16/2022,Facebook,image,1957,136,119,5049,2,0,2022,12,4,50
12/16/2022,Facebook,image,1108,522,450,9689,2,0,2022,12,4,50
12/17/2022,Instagram,image,1964,491,500,4621,1,0,2022,12,5,50
12/17/2022,Instagram,video,519,848,298,9110,1,1,2022,12,5,50
12/17/2022,Facebook,image,453,687,183,4714,2,0,2022,12,5,50
12/18/2022,Instagram,video,1769,882,289,5625,1,1,2022,12,6,50
12/18/2022,Instagram,text,1950,652,381,4503,1,2,2022,12,6,50
12/18/2022,Instagram,video,2168,819,167,8180,1,1,2022,12,6,50
12/18/2022,Instagram,video,786,350,237,5597,1,1,2022,12,6,50
12/18/2022,Twitter,text,1028,511,230,4993,0,2,2022,12,6,50
12/18/2022,Instagram,video,1210,325,140,5150,1,1,2022,12,6,50
12/18/2022,Instagram,video,1778,204,447,9218,1,1,2022,12,6,50
12/19/2022,Instagram,video,829,636,336,6488,1,1,2022,12,0,51
12/19/2022,Facebook,video,1134,343,147,4431,2,1,2022,12,0,51
12/19/2022,Instagram,image,1992,646,102,5646,1,0,2022,12,0,51
12/19/2022,Facebook,video,1792,660,184,9614,2,1,2022,12,0,51
12/19/2022,Facebook,text,1899,436,226,5539,2,2,2022,12,0,51
12/19/2022,Facebook,text,1480,415,202,9584,2,2,2022,12,0,51
12/20/2022,Facebook,video,426,545,293,7545,2,1,2022,12,1,51
12/20/2022,Facebook,image,450,349,312,7377,2,0,2022,12,1,51
12/20/2022,Facebook,video,1190,320,319,5108,2,1,2022,12,1,51
12/20/2022,Instagram,text,1431,352,357,8955,1,2,2022,12,1,51
12/20/2022,Facebook,text,909,630,226,4484,2,2,2022,12,1,51
12/20/2022,Instagram,video,489,522,446,9614,1,1,2022,12,1,51
12/20/2022,Instagram,video,1418,678,309,4145,1,1,2022,12,1,51
12/20/2022,Instagram,video,683,370,355,9125,1,1,2022,12,1,51
12/21/2022,Facebook,image,1604,787,402,5680,2,0,2022,12,2,51
12/21/2022,Twitter,image,1873,718,356,8263,0,0,2022,12,2,51
12/21/2022,Facebook,image,806,809,461,5091,2,0,2022,12,2,51
12/21/2022,Instagram,text,1011,650,103,5860,1,2,2022,12,2,51
12/21/2022,Instagram,video,1036,783,483,7442,1,1,2022,12,2,51
12/21/2022,Instagram,video,1289,783,152,8110,1,1,2022,12,2,51
12/21/2022,Instagram,image,1323,509,208,7568,1,0,2022,12,2,51
12/22/2022,Facebook,image,1389,417,241,5477,2,0,2022,12,3,51
12/22/2022,Facebook,video,1099,715,484,4521,2,1,2022,12,3,51
12/22/2022,Instagram,text,1523,258,402,6321,1,2,2022,12,3,51
12/22/2022,Twitter,video,2087,282,338,5998,0,1,2022,12,3,51
12/22/2022,Instagram,image,2169,107,480,6470,1,0,2022,12,3,51
12/22/2022,Twitter,image,1113,193,141,6422,0,0,2022,12,3,51
12/22/2022,Instagram,text,2163,130,465,5323,1,2,2022,12,3,51
12/22/2022,Twitter,text,2146,416,208,6590,0,2,2022,12,3,51
12/23/2022,Twitter,video,1528,614,351,4858,0,1,2022,12,4,51
12/23/2022,Twitter,video,1108,221,172,9336,0,1,2022,12,4,51
12/23/2022,Twitter,video,1725,686,194,5801,0,1,2022,12,4,51
12/23/2022,Instagram,image,572,522,458,6665,1,0,2022,12,4,51
12/23/2022,Twitter,text,1343,305,266,9184,0,2,2022,12,4,51
12/23/2022,Facebook,video,464,892,457,5526,2,1,2022,12,4,51
12/23/2022,Instagram,image,2058,659,438,6003,1,0,2022,12,4,51
12/23/2022,Instagram,text,606,810,118,8113,1,2,2022,12,4,51
12/23/2022,Instagram,image,561,703,360,4874,1,0,2022,12,4,51
12/23/2022,Twitter,text,2100,290,422,4723,0,2,2022,12,4,51
12/24/2022,Instagram,image,834,177,361,6923,1,0,2022,12,5,51
12/24/2022,Twitter,image,1596,729,429,6794,0,0,2022,12,5,51
12/24/2022,Instagram,image,558,472,117,4996,1,0,2022,12,5,51
12/25/2022,Twitter,text,503,674,387,6841,0,2,2022,12,6,51
12/25/2022,Facebook,image,1541,491,388,7509,2,0,2022,12,6,51
12/25/2022,Facebook,image,2015,288,149,7264,2,0,2022,12,6,51
12/25/2022,Instagram,image,1036,277,150,9972,1,0,2022,12,6,51
12/26/2022,Facebook,image,598,590,373,4892,2,0,2022,12,0,52
12/26/2022,Instagram,text,1155,307,324,7153,1,2,2022,12,0,52
12/26/2022,Instagram,text,1454,485,428,4179,1,2,2022,12,0,52
12/26/2022,Instagram,text,1520,801,269,9595,1,2,2022,12,0,52
12/26/2022,Facebook,video,438,441,198,6517,2,1,2022,12,0,52
12/26/2022,Twitter,text,638,358,198,6623,0,2,2022,12,0,52
12/26/2022,Twitter,text,873,758,328,4757,0,2,2022,12,0,52
12/26/2022,Instagram,text,1209,129,341,4532,1,2,2022,12,0,52
12/27/2022,Twitter,video,505,381,343,7264,0,1,2022,12,1,52
12/27/2022,Twitter,image,508,857,167,7836,0,0,2022,12,1,52
12/27/2022,Instagram,video,1343,718,409,8055,1,1,2022,12,1,52
12/28/2022,Facebook,video,697,187,154,4666,2,1,2022,12,2,52
12/28/2022,Facebook,text,1183,666,358,6198,2,2,2022,12,2,52
12/28/2022,Instagram,image,822,755,388,9761,1,0,2022,12,2,52
12/28/2022,Twitter,video,720,276,410,6553,0,1,2022,12,2,52
12/28/2022,Instagram,image,1793,849,215,8348,1,0,2022,12,2,52
12/28/2022,Facebook,text,2019,763,445,9926,2,2,2022,12,2,52
12/28/2022,Facebook,image,1221,120,305,5031,2,0,2022,12,2,52
12/28/2022,Twitter,text,507,568,338,9859,0,2,2022,12,2,52
12/29/2022,Facebook,video,1485,770,323,7856,2,1,2022,12,3,52
12/29/2022,Twitter,text,461,232,211,4413,0,2,2022,12,3,52
12/30/2022,Twitter,text,1165,194,178,4193,0,2,2022,12,4,52
12/30/2022,Twitter,image,1230,715,173,5757,0,0,2022,12,4,52
12/30/2022,Instagram,text,2096,757,332,5119,1,2,2022,12,4,52
12/30/2022,Facebook,video,600,532,375,7956,2,1,2022,12,4,52
12/30/2022,Twitter,text,1613,863,366,9897,0,2,2022,12,4,52
12/31/2022,Twitter,text,764,289,346,6923,0,2,2022,12,5,52
12/31/2022,Twitter,video,459,627,295,7917,0,1,2022,12,5,52
12/31/2022,Facebook,image,1580,150,232,7671,2,0,2022,12,5,52
12/31/2022,Twitter,image,981,606,247,6328,0,0,2022,12,5,52
1/1/2023,Twitter,video,1427,669,140,4111,0,1,2023,1,6,52
1/1/2023,Instagram,image,445,360,189,4728,1,0,2023,1,6,52
1/2/2023,Facebook,image,1056,459,176,4877,2,0,2023,1,0,1
1/2/2023,Twitter,image,1077,120,447,7969,0,0,2023,1,0,1
1/2/2023,Facebook,video,523,391,357,7180,2,1,2023,1,0,1
1/2/2023,Instagram,text,1512,375,344,4555,1,2,2023,1,0,1
1/2/2023,Facebook,text,1795,512,146,7880,2,2,2023,1,0,1
1/2/2023,Facebook,image,548,437,379,8831,2,0,2023,1,0,1
1/2/2023,Facebook,video,1094,761,121,4351,2,1,2023,1,0,1
1/2/2023,Facebook,image,645,458,278,7397,2,0,2023,1,0,1
1/2/2023,Facebook,text,936,601,297,9818,2,2,2023,1,0,1
1/2/2023,Facebook,text,675,422,294,6561,2,2,2023,1,0,1
1/2/2023,Instagram,image,1121,387,493,6094,1,0,2023,1,0,1
1/3/2023,Facebook,text,493,664,256,4446,2,2,2023,1,1,1
1/3/2023,Facebook,image,879,713,357,7867,2,0,2023,1,1,1
1/3/2023,Twitter,image,2114,225,474,4883,0,0,2023,1,1,1
1/3/2023,Twitter,image,1376,540,482,9878,0,0,2023,1,1,1
1/3/2023,Instagram,image,1873,143,140,5396,1,0,2023,1,1,1
1/3/2023,Facebook,video,891,280,163,7037,2,1,2023,1,1,1
1/3/2023,Twitter,image,1835,304,394,4541,0,0,2023,1,1,1
1/3/2023,Instagram,text,2160,886,382,6316,1,2,2023,1,1,1
1/4/2023,Facebook,text,1399,758,412,8524,2,2,2023,1,2,1
1/4/2023,Twitter,image,1294,349,278,6485,0,0,2023,1,2,1
1/4/2023,Facebook,text,1928,823,307,5465,2,2,2023,1,2,1
1/4/2023,Instagram,video,854,426,270,6019,1,1,2023,1,2,1
1/5/2023,Twitter,image,1379,217,132,8472,0,0,2023,1,3,1
1/5/2023,Instagram,video,1159,865,113,9730,1,1,2023,1,3,1
1/5/2023,Facebook,video,1308,403,499,7651,2,1,2023,1,3,1
1/5/2023,Twitter,video,464,424,441,9441,0,1,2023,1,3,1
1/5/2023,Twitter,video,1897,358,387,7407,0,1,2023,1,3,1
1/6/2023,Facebook,image,1904,481,475,7543,2,0,2023,1,4,1
1/7/2023,Facebook,video,695,153,237,7240,2,1,2023,1,5,1
1/7/2023,Instagram,video,1933,419,214,9778,1,1,2023,1,5,1
1/7/2023,Twitter,text,1775,251,118,5241,0,2,2023,1,5,1
1/7/2023,Twitter,video,1800,893,408,6408,0,1,2023,1,5,1
1/7/2023,Facebook,video,1908,641,212,9314,2,1,2023,1,5,1
1/7/2023,Instagram,image,1749,653,259,4388,1,0,2023,1,5,1
1/7/2023,Instagram,image,2112,259,362,6073,1,0,2023,1,5,1
1/7/2023,Facebook,video,884,373,466,5995,2,1,2023,1,5,1
1/7/2023,Twitter,video,648,664,434,4098,0,1,2023,1,5,1
1/7/2023,Instagram,image,689,123,191,5503,1,0,2023,1,5,1
1/7/2023,Twitter,video,1037,144,332,9137,0,1,2023,1,5,1
1/7/2023,Twitter,image,892,880,215,4955,0,0,2023,1,5,1
1/8/2023,Twitter,image,1066,284,315,4843,0,0,2023,1,6,1
1/8/2023,Facebook,image,441,198,152,9682,2,0,2023,1,6,1
1/8/2023,Facebook,video,1505,360,384,9624,2,1,2023,1,6,1
1/8/2023,Facebook,video,682,859,327,7050,2,1,2023,1,6,1
1/9/2023,Twitter,text,1802,256,155,7147,0,2,2023,1,0,2
1/9/2023,Twitter,video,1196,267,439,8444,0,1,2023,1,0,2
1/9/2023,Twitter,text,1746,464,356,6985.5,0,2,2023,1,0,2
1/9/2023,Twitter,image,648,759,300,9726,0,0,2023,1,0,2
1/9/2023,Facebook,image,1064,545,262,8977,2,0,2023,1,0,2
1/10/2023,Facebook,video,1573,841,337,9001,2,1,2023,1,1,2
1/10/2023,Twitter,text,1985,561,351,6752,0,2,2023,1,1,2
1/10/2023,Instagram,image,1961,514,170,5459,1,0,2023,1,1,2
1/10/2023,Twitter,video,528,625,266,8356,0,1,2023,1,1,2
1/10/2023,Twitter,image,809,645,491,5626,0,0,2023,1,1,2
1/11/2023,Instagram,video,1233,307,254,4479,1,1,2023,1,2,2
1/11/2023,Twitter,image,2041,197,364,4077,0,0,2023,1,2,2
1/12/2023,Instagram,image,577,636,477,6012,1,0,2023,1,3,2
1/12/2023,Twitter,text,1006,471,153,5020,0,2,2023,1,3,2
1/12/2023,Twitter,video,531,273,317,9390,0,1,2023,1,3,2
1/13/2023,Facebook,video,1327,623,286,8154,2,1,2023,1,4,2
1/13/2023,Facebook,video,1096,479,442,8814,2,1,2023,1,4,2
1/13/2023,Twitter,video,780,101,314,7924,0,1,2023,1,4,2
1/13/2023,Facebook,text,2129,122,151,7305,2,2,2023,1,4,2
1/13/2023,Facebook,image,686,785,135,6782,2,0,2023,1,4,2
1/13/2023,Instagram,image,1291,183,279,8840,1,0,2023,1,4,2
1/13/2023,Twitter,text,994,550,332,9520,0,2,2023,1,4,2
1/14/2023,Twitter,video,1400,456,320,7624,0,1,2023,1,5,2
1/14/2023,Twitter,video,548,601,425,8632,0,1,2023,1,5,2
1/14/2023,Facebook,video,558,179,176,6453,2,1,2023,1,5,2
1/15/2023,Facebook,text,1500,510,358,5540,2,2,2023,1,6,2
1/15/2023,Twitter,video,1251,260,322,9724,0,1,2023,1,6,2
1/15/2023,Twitter,image,1614,607,125,7262,0,0,2023,1,6,2
1/15/2023,Facebook,image,766,853,392,5687,2,0,2023,1,6,2
1/15/2023,Instagram,text,1090,584,176,8994,1,2,2023,1,6,2
1/15/2023,Facebook,video,2039,523,371,4780,2,1,2023,1,6,2
1/15/2023,Instagram,image,1969,184,260,8248,1,0,2023,1,6,2
1/16/2023,Facebook,video,2194,591,118,9601,2,1,2023,1,0,3
1/17/2023,Facebook,text,1132,136,497,9185,2,2,2023,1,1,3
1/17/2023,Instagram,video,823,449,480,9916,1,1,2023,1,1,3
1/17/2023,Facebook,video,1092,768,133,8192,2,1,2023,1,1,3
1/17/2023,Instagram,video,1012,405,306,8323,1,1,2023,1,1,3
1/17/2023,Facebook,video,2153,649,447,6425,2,1,2023,1,1,3
1/17/2023,Instagram,video,544,109,268,8871,1,1,2023,1,1,3
1/18/2023,Twitter,image,1153,279,108,6087,0,0,2023,1,2,3
1/18/2023,Twitter,text,429,801,331,8081,0,2,2023,1,2,3
1/18/2023,Instagram,text,550,520,256,7993,1,2,2023,1,2,3
1/18/2023,Twitter,image,731,154,376,9520,0,0,2023,1,2,3
1/18/2023,Twitter,image,490,219,432,6694,0,0,2023,1,2,3
1/18/2023,Twitter,text,1660,222,439,8164,0,2,2023,1,2,3
1/18/2023,Instagram,text,1862,803,224,8919,1,2,2023,1,2,3
1/18/2023,Instagram,text,1270,119,281,4046,1,2,2023,1,2,3
1/18/2023,Twitter,text,857,191,254,8912,0,2,2023,1,2,3
1/19/2023,Twitter,image,497,602,408,6985.5,0,0,2023,1,3,3
1/19/2023,Instagram,text,846,811,303,7336,1,2,2023,1,3,3
1/19/2023,Instagram,image,1615,269,415,4951,1,0,2023,1,3,3
1/19/2023,Facebook,image,1783,673,343,9623,2,0,2023,1,3,3
1/19/2023,Twitter,text,542,729,495,9723,0,2,2023,1,3,3
1/19/2023,Facebook,text,809,721,452,6205,2,2,2023,1,3,3
1/19/2023,Instagram,video,1471,292,147,9536,1,1,2023,1,3,3
1/19/2023,Facebook,video,1179,784,298,5535,2,1,2023,1,3,3
1/19/2023,Facebook,video,977,325,310,8695,2,1,2023,1,3,3
1/19/2023,Instagram,video,824,346,448,9806,1,1,2023,1,3,3
1/20/2023,Twitter,video,2008,793,141,6896,0,1,2023,1,4,3
1/20/2023,Twitter,image,1860,487,365,4725,0,0,2023,1,4,3
1/20/2023,Instagram,text,2174,816,318,5403,1,2,2023,1,4,3
1/21/2023,Twitter,text,1622,647,139,8372,0,2,2023,1,5,3
1/21/2023,Instagram,image,487,326,450,6937,1,0,2023,1,5,3
1/21/2023,Facebook,image,1296,110,483,4038,2,0,2023,1,5,3
1/21/2023,Facebook,text,624,466,340,8152,2,2,2023,1,5,3
1/21/2023,Instagram,text,1551,413,141,4074,1,2,2023,1,5,3
1/22/2023,Twitter,image,446,582,119,6292,0,0,2023,1,6,3
1/22/2023,Facebook,text,2162,801,449,9510,2,2,2023,1,6,3
1/22/2023,Instagram,image,1006,415,428,6258,1,0,2023,1,6,3
1/22/2023,Facebook,video,1931,165,360,9627,2,1,2023,1,6,3
1/22/2023,Instagram,video,528,860,192,6298,1,1,2023,1,6,3
1/22/2023,Twitter,image,1444,674,397,8964,0,0,2023,1,6,3
1/23/2023,Twitter,image,1387,746,160,7117,0,0,2023,1,0,4
1/23/2023,Facebook,text,2041,504,480,7333,2,2,2023,1,0,4
1/23/2023,Facebook,text,1751,473,181,4398,2,2,2023,1,0,4
1/23/2023,Instagram,text,2063,890,189,8712,1,2,2023,1,0,4
1/23/2023,Facebook,text,672,705,301,4911,2,2,2023,1,0,4
1/23/2023,Facebook,text,419,263,185,6742,2,2,2023,1,0,4
1/23/2023,Instagram,video,1339,487,123,7665,1,1,2023,1,0,4
1/23/2023,Twitter,image,1615,726,471,8539,0,0,2023,1,0,4
1/23/2023,Twitter,text,1652,270,203,5609,0,2,2023,1,0,4
1/24/2023,Twitter,text,894,262,203,9986,0,2,2023,1,1,4
1/24/2023,Twitter,video,1307,300,206,8704,0,1,2023,1,1,4
1/24/2023,Facebook,text,657,603,439,5912,2,2,2023,1,1,4
1/24/2023,Instagram,image,416,331,156,6552,1,0,2023,1,1,4
1/25/2023,Twitter,video,840,501,345,9586,0,1,2023,1,2,4
1/25/2023,Facebook,image,1827,583,320,8949,2,0,2023,1,2,4
1/25/2023,Facebook,image,1014,359,441,4815,2,0,2023,1,2,4
1/25/2023,Instagram,video,1951,486,399,4482,1,1,2023,1,2,4
1/25/2023,Instagram,video,886,464,426,4261,1,1,2023,1,2,4
1/25/2023,Twitter,image,1628,763,337,7413,0,0,2023,1,2,4
1/26/2023,Twitter,video,573,147,114,4462,0,1,2023,1,3,4
1/26/2023,Facebook,video,1610,129,479,8445,2,1,2023,1,3,4
1/27/2023,Facebook,image,1264,350,377,5420,2,0,2023,1,4,4
1/27/2023,Instagram,text,2091,783,175,6845,1,2,2023,1,4,4
1/27/2023,Facebook,image,419,137,182,7037,2,0,2023,1,4,4
1/27/2023,Facebook,image,2099,360,466,4176,2,0,2023,1,4,4
1/27/2023,Instagram,image,1325,203,279,4188,1,0,2023,1,4,4
1/27/2023,Facebook,text,1627,541,484,6911,2,2,2023,1,4,4
1/27/2023,Instagram,text,1161,514,471,8824,1,2,2023,1,4,4
1/28/2023,Facebook,text,1249,140,489,6360,2,2,2023,1,5,4
1/28/2023,Twitter,text,811,344,331,4043,0,2,2023,1,5,4
1/28/2023,Twitter,text,1612,269,115,5248,0,2,2023,1,5,4
1/28/2023,Twitter,image,1379,271,299,5552,0,0,2023,1,5,4
1/29/2023,Instagram,image,588,507,436,4252,1,0,2023,1,6,4
1/29/2023,Facebook,video,863,862,379,8686,2,1,2023,1,6,4
1/29/2023,Facebook,text,802,417,283,4389,2,2,2023,1,6,4
1/29/2023,Facebook,text,2017,851,350,6248,2,2,2023,1,6,4
1/29/2023,Twitter,text,1735,147,415,9288,0,2,2023,1,6,4
1/29/2023,Facebook,video,824,411,496,6576,2,1,2023,1,6,4
1/29/2023,Facebook,video,483,829,357,9193,2,1,2023,1,6,4
1/29/2023,Facebook,text,2005,631,227,8819,2,2,2023,1,6,4
1/29/2023,Twitter,video,828,126,375,9090,0,1,2023,1,6,4
1/29/2023,Instagram,video,1169,196,116,9728,1,1,2023,1,6,4
1/29/2023,Twitter,video,1124,497,281,7689,0,1,2023,1,6,4
1/30/2023,Instagram,image,1233,372,116,8283,1,0,2023,1,0,5
1/30/2023,Twitter,text,1230,577,106,4795,0,2,2023,1,0,5
1/30/2023,Instagram,image,2180,819,210,9989,1,0,2023,1,0,5
1/31/2023,Twitter,video,1838,377,321,6890,0,1,2023,1,1,5
1/31/2023,Facebook,video,747,595,140,6843,2,1,2023,1,1,5
1/31/2023,Facebook,image,424,558,342,4642,2,0,2023,1,1,5
2/1/2023,Facebook,text,819,576,356,8995,2,2,2023,2,2,5
2/1/2023,Twitter,text,867,447,246,4360,0,2,2023,2,2,5
2/1/2023,Instagram,text,1128,737,104,6014,1,2,2023,2,2,5
2/1/2023,Instagram,video,1895,565,430,9067,1,1,2023,2,2,5
2/1/2023,Facebook,image,1077,844,334,4783,2,0,2023,2,2,5
2/1/2023,Instagram,video,713,444,469,8322,1,1,2023,2,2,5
2/1/2023,Twitter,image,625,490,390,7689,0,0,2023,2,2,5
2/2/2023,Facebook,text,1004,594,180,9779,2,2,2023,2,3,5
2/2/2023,Twitter,image,1216,159,264,7518,0,0,2023,2,3,5
2/2/2023,Facebook,image,1918,447,451,9848,2,0,2023,2,3,5
2/3/2023,Twitter,video,658,477,259,5505,0,1,2023,2,4,5
2/3/2023,Instagram,text,1971,385,328,8542,1,2,2023,2,4,5
2/3/2023,Facebook,video,1296,115,226,8128,2,1,2023,2,4,5
2/3/2023,Instagram,video,1563,288,484,8212,1,1,2023,2,4,5
2/3/2023,Facebook,video,677,381,239,5778,2,1,2023,2,4,5
2/3/2023,Instagram,text,836,893,443,5802,1,2,2023,2,4,5
2/3/2023,Twitter,image,984,155,245,9683,0,0,2023,2,4,5
2/4/2023,Instagram,image,1295,492,327,6011,1,0,2023,2,5,5
2/4/2023,Twitter,text,672,406,105,8904,0,2,2023,2,5,5
2/4/2023,Facebook,video,1426,380,430,8287,2,1,2023,2,5,5
2/4/2023,Instagram,image,848,610,451,8119,1,0,2023,2,5,5
2/5/2023,Twitter,video,1363,334,153,7251,0,1,2023,2,6,5
2/5/2023,Instagram,video,2025,319,437,7982,1,1,2023,2,6,5
2/5/2023,Facebook,image,1930,429,458,9362,2,0,2023,2,6,5
2/5/2023,Facebook,text,2126,299,499,5889,2,2,2023,2,6,5
2/5/2023,Twitter,video,1993,867,243,4837,0,1,2023,2,6,5
2/6/2023,Instagram,image,1731,676,298,4570,1,0,2023,2,0,6
2/6/2023,Facebook,video,2078,735,132,8008,2,1,2023,2,0,6
2/6/2023,Facebook,text,2053,629,415,6741,2,2,2023,2,0,6
2/6/2023,Twitter,text,1294,199,329,4938,0,2,2023,2,0,6
2/7/2023,Facebook,text,2131,674,400,8312,2,2,2023,2,1,6
2/7/2023,Twitter,image,1591,111,188,5101,0,0,2023,2,1,6
2/7/2023,Instagram,text,1389,565,296,6916,1,2,2023,2,1,6
2/7/2023,Facebook,image,2161,234,283,9270,2,0,2023,2,1,6
2/7/2023,Twitter,image,1436,441,477,4574,0,0,2023,2,1,6
2/7/2023,Facebook,video,1560,205,221,4547,2,1,2023,2,1,6
2/7/2023,Instagram,image,1517,540,486,9797,1,0,2023,2,1,6
2/7/2023,Twitter,image,713,433,491,4144,0,0,2023,2,1,6
2/7/2023,Twitter,video,1324,530,257,9031,0,1,2023,2,1,6
2/8/2023,Instagram,image,434,159,333,8231,1,0,2023,2,2,6
2/8/2023,Instagram,video,1405,202,252,4987,1,1,2023,2,2,6
2/8/2023,Instagram,video,1893,492,339,9174,1,1,2023,2,2,6
2/8/2023,Facebook,video,1954,542,418,5683,2,1,2023,2,2,6
2/9/2023,Twitter,text,634,860,405,6299,0,2,2023,2,3,6
2/9/2023,Facebook,image,488,685,393,4058,2,0,2023,2,3,6
2/9/2023,Twitter,video,920,679,291,7862,0,1,2023,2,3,6
2/9/2023,Facebook,image,1250,361,105,9374,2,0,2023,2,3,6
2/9/2023,Facebook,image,700,685,160,6439,2,0,2023,2,3,6
2/9/2023,Twitter,image,1276,306,376,4399,0,0,2023,2,3,6
2/10/2023,Twitter,image,1121,332,407,6550,0,0,2023,2,4,6
2/10/2023,Twitter,video,975,460,327,8181,0,1,2023,2,4,6
2/10/2023,Twitter,text,1233,867,486,7925,0,2,2023,2,4,6
2/10/2023,Facebook,image,515,375,484,4934,2,0,2023,2,4,6
2/11/2023,Twitter,video,1479,206,239,6330,0,1,2023,2,5,6
2/11/2023,Instagram,image,828,741,279,8134,1,0,2023,2,5,6
2/12/2023,Instagram,video,1396,876,356,8168,1,1,2023,2,6,6
2/12/2023,Twitter,video,542,479,356,6633,0,1,2023,2,6,6
2/12/2023,Facebook,image,1152,491,446,4300,2,0,2023,2,6,6
2/12/2023,Twitter,image,564,388,462,5589,0,0,2023,2,6,6
2/12/2023,Twitter,video,845,589,397,6324,0,1,2023,2,6,6
2/13/2023,Instagram,video,1299,459,289,7951,1,1,2023,2,0,7
2/13/2023,Facebook,text,1007,568,104,9269,2,2,2023,2,0,7
2/13/2023,Facebook,text,852,771,114,8814,2,2,2023,2,0,7
2/13/2023,Twitter,image,1435,414,446,5657,0,0,2023,2,0,7
2/13/2023,Facebook,video,1845,829,297,4179,2,1,2023,2,0,7
2/13/2023,Twitter,image,1429,355,152,5902,0,0,2023,2,0,7
2/13/2023,Instagram,video,1650,601,206,4784,1,1,2023,2,0,7
2/13/2023,Facebook,image,2098,739,277,8474,2,0,2023,2,0,7
2/13/2023,Facebook,text,1814,327,476,7160,2,2,2023,2,0,7
2/13/2023,Twitter,image,683,304,495,8955,0,0,2023,2,0,7
2/13/2023,Facebook,image,1979,143,183,9998,2,0,2023,2,0,7
2/13/2023,Facebook,image,1335,339,146,4965,2,0,2023,2,0,7
2/14/2023,Instagram,image,1063,438,121,6348,1,0,2023,2,1,7
2/14/2023,Instagram,image,1334,451,152,5642,1,0,2023,2,1,7
2/14/2023,Twitter,text,643,190,391,4446,0,2,2023,2,1,7
2/14/2023,Instagram,text,2196,575,370,6150,1,2,2023,2,1,7
2/14/2023,Instagram,video,885,531,155,5648,1,1,2023,2,1,7
2/15/2023,Twitter,image,1934,352,489,7446,0,0,2023,2,2,7
2/15/2023,Instagram,image,804,818,245,6600,1,0,2023,2,2,7
2/15/2023,Instagram,image,1567,875,459,4768,1,0,2023,2,2,7
2/15/2023,Twitter,video,1401,466,355,7840,0,1,2023,2,2,7
2/16/2023,Twitter,image,2018,127,254,6328,0,0,2023,2,3,7
2/16/2023,Instagram,text,640,559,302,7495,1,2,2023,2,3,7
2/16/2023,Twitter,text,1148,186,366,4182,0,2,2023,2,3,7
2/16/2023,Facebook,image,1130,218,372,9512,2,0,2023,2,3,7
2/16/2023,Instagram,image,1644,100,289,8326,1,0,2023,2,3,7
2/16/2023,Twitter,video,1722,278,227,6847,0,1,2023,2,3,7
2/16/2023,Twitter,video,721,276,175,5225,0,1,2023,2,3,7
2/16/2023,Facebook,image,1558,871,377,9703,2,0,2023,2,3,7
2/16/2023,Facebook,text,909,900,364,4319,2,2,2023,2,3,7
2/16/2023,Facebook,video,1528,443,318,9042,2,1,2023,2,3,7
2/17/2023,Facebook,text,1433,478,343,5355,2,2,2023,2,4,7
2/17/2023,Twitter,text,1774,202,182,6604,0,2,2023,2,4,7
2/17/2023,Instagram,video,1594,135,271,6669,1,1,2023,2,4,7
2/18/2023,Twitter,image,661,487,224,7764,0,0,2023,2,5,7
2/18/2023,Facebook,video,1007,638,318,4415,2,1,2023,2,5,7
2/18/2023,Instagram,text,2090,279,172,8290,1,2,2023,2,5,7
2/18/2023,Instagram,image,1717,213,237,7745,1,0,2023,2,5,7
2/18/2023,Facebook,text,2053,873,352,4961,2,2,2023,2,5,7
2/18/2023,Facebook,image,1631,679,235,8222,2,0,2023,2,5,7
2/19/2023,Facebook,video,1546,827,205,9057,2,1,2023,2,6,7
2/19/2023,Twitter,video,1295,158,467,8487,0,1,2023,2,6,7
2/19/2023,Facebook,video,2193,429,265,4487,2,1,2023,2,6,7
2/20/2023,Twitter,video,1965,843,365,8952,0,1,2023,2,0,8
2/20/2023,Instagram,image,1150,508,365,7227,1,0,2023,2,0,8
2/20/2023,Twitter,video,687,442,177,9119,0,1,2023,2,0,8
2/20/2023,Instagram,text,2175,225,237,8741,1,2,2023,2,0,8
2/20/2023,Twitter,video,1274,583,455,9624,0,1,2023,2,0,8
2/20/2023,Facebook,image,1791,656,112,5619,2,0,2023,2,0,8
2/20/2023,Instagram,video,876,509,312,5921,1,1,2023,2,0,8
2/21/2023,Instagram,text,1324,507,372,6924,1,2,2023,2,1,8
2/21/2023,Twitter,text,565,824,422,9195,0,2,2023,2,1,8
2/21/2023,Instagram,text,1066,481,157,4423,1,2,2023,2,1,8
2/21/2023,Facebook,image,1178,441,384,5487,2,0,2023,2,1,8
2/22/2023,Facebook,image,1042,595,181,6297,2,0,2023,2,2,8
2/22/2023,Facebook,video,1081,174,116,6393,2,1,2023,2,2,8
2/22/2023,Instagram,image,452,556,153,6612,1,0,2023,2,2,8
2/22/2023,Facebook,text,717,632,405,6672,2,2,2023,2,2,8
2/22/2023,Twitter,video,1294,298,149,7360,0,1,2023,2,2,8
2/22/2023,Instagram,image,1444,335,133,5885,1,0,2023,2,2,8
2/22/2023,Instagram,video,709,323,286,5098,1,1,2023,2,2,8
2/22/2023,Facebook,video,531,490,438,6842,2,1,2023,2,2,8
2/22/2023,Facebook,image,1207,305,113,4592,2,0,2023,2,2,8
2/23/2023,Facebook,text,2178,286,264,5746,2,2,2023,2,3,8
2/23/2023,Twitter,image,1164,466,139,7318,0,0,2023,2,3,8
2/23/2023,Facebook,video,1364,502,178,6134,2,1,2023,2,3,8
2/23/2023,Facebook,video,1001,719,398,4177,2,1,2023,2,3,8
2/23/2023,Twitter,text,685,335,148,9007,0,2,2023,2,3,8
2/23/2023,Twitter,image,944,610,146,5554,0,0,2023,2,3,8
2/24/2023,Instagram,video,1688,732,499,9217,1,1,2023,2,4,8
2/24/2023,Twitter,video,906,138,424,7116,0,1,2023,2,4,8
2/24/2023,Instagram,video,1112,720,321,8797,1,1,2023,2,4,8
2/24/2023,Twitter,image,2158,264,107,9567,0,0,2023,2,4,8
2/24/2023,Facebook,text,1110,892,463,7633,2,2,2023,2,4,8
2/25/2023,Instagram,video,400,565,353,9100,1,1,2023,2,5,8
2/25/2023,Instagram,image,1738,561,181,4213,1,0,2023,2,5,8
2/25/2023,Instagram,video,1815,377,269,6280,1,1,2023,2,5,8
2/25/2023,Twitter,video,1906,500,322,9758,0,1,2023,2,5,8
2/25/2023,Instagram,image,1869,341,456,8458,1,0,2023,2,5,8
2/25/2023,Twitter,image,628,715,205,9206,0,0,2023,2,5,8
2/26/2023,Twitter,video,1292,339,458,8315,0,1,2023,2,6,8
2/26/2023,Instagram,text,1908,708,465,5804,1,2,2023,2,6,8
2/27/2023,Instagram,video,1031,768,353,8224,1,1,2023,2,0,9
2/27/2023,Twitter,video,579,712,170,7355,0,1,2023,2,0,9
2/27/2023,Twitter,text,526,177,167,8247,0,2,2023,2,0,9
2/27/2023,Instagram,image,1554,183,499,9728,1,0,2023,2,0,9
2/27/2023,Facebook,image,1399,246,383,8040,2,0,2023,2,0,9
2/27/2023,Twitter,image,1943,376,234,8344,0,0,2023,2,0,9
2/27/2023,Twitter,image,1436,232,429,7570,0,0,2023,2,0,9
2/27/2023,Twitter,image,619,143,180,7653,0,0,2023,2,0,9
2/28/2023,Facebook,image,2023,575,137,5212,2,0,2023,2,1,9
2/28/2023,Facebook,video,1532,362,233,5732,2,1,2023,2,1,9
2/28/2023,Instagram,video,1761,696,125,4556,1,1,2023,2,1,9
2/28/2023,Facebook,text,657,146,416,8187,2,2,2023,2,1,9
2/28/2023,Instagram,image,1389,704,460,7818,1,0,2023,2,1,9
2/28/2023,Twitter,video,1184,571,121,7892,0,1,2023,2,1,9
2/28/2023,Facebook,video,1585,443,291,7375,2,1,2023,2,1,9
2/28/2023,Twitter,image,721,511,483,7982,0,0,2023,2,1,9
3/1/2023,Twitter,video,1705,706,334,6055,0,1,2023,3,2,9
3/1/2023,Twitter,video,2179,412,218,9145,0,1,2023,3,2,9
3/1/2023,Instagram,image,2035,436,211,8546,1,0,2023,3,2,9
3/1/2023,Instagram,video,1081,823,422,5143,1,1,2023,3,2,9
3/1/2023,Twitter,image,1059,896,234,8677,0,0,2023,3,2,9
3/2/2023,Facebook,image,1624,584,298,8780,2,0,2023,3,3,9
3/2/2023,Twitter,video,2046,687,473,6985,0,1,2023,3,3,9
3/2/2023,Instagram,image,1059,507,434,4437,1,0,2023,3,3,9
3/2/2023,Instagram,image,1180,354,456,5396,1,0,2023,3,3,9
3/2/2023,Facebook,image,694,561,292,5978,2,0,2023,3,3,9
3/2/2023,Instagram,image,1708,699,281,9631,1,0,2023,3,3,9
3/2/2023,Instagram,text,1368,302,459,7387,1,2,2023,3,3,9
3/2/2023,Twitter,text,2118,334,418,7951,0,2,2023,3,3,9
3/2/2023,Facebook,text,1514,552,288,4183,2,2,2023,3,3,9
3/2/2023,Facebook,image,739,594,209,5022,2,0,2023,3,3,9
3/3/2023,Instagram,image,1189,273,451,6330,1,0,2023,3,4,9
3/3/2023,Twitter,text,1757,789,428,4390,0,2,2023,3,4,9
3/3/2023,Twitter,text,1571,623,392,8121,0,2,2023,3,4,9
3/3/2023,Twitter,video,1777,872,497,8424,0,1,2023,3,4,9
3/3/2023,Twitter,image,1445,142,469,4676,0,0,2023,3,4,9
3/3/2023,Facebook,text,788,144,242,5720,2,2,2023,3,4,9
3/3/2023,Instagram,video,743,344,192,7959,1,1,2023,3,4,9
3/3/2023,Twitter,video,1466,337,309,6508,0,1,2023,3,4,9
3/3/2023,Facebook,image,1720,655,232,5045,2,0,2023,3,4,9
3/4/2023,Facebook,text,2133,759,186,8839,2,2,2023,3,5,9
3/4/2023,Facebook,image,759,670,406,7905,2,0,2023,3,5,9
3/4/2023,Facebook,video,1543,833,427,8701,2,1,2023,3,5,9
3/4/2023,Instagram,video,1254,652,373,8320,1,1,2023,3,5,9
3/5/2023,Instagram,image,810,759,236,4931,1,0,2023,3,6,9
3/5/2023,Instagram,video,2199,759,286,8065,1,1,2023,3,6,9
3/5/2023,Facebook,image,1872,846,460,5741,2,0,2023,3,6,9
3/5/2023,Instagram,text,891,100,376,5227,1,2,2023,3,6,9
3/5/2023,Instagram,video,695,600,426,5704,1,1,2023,3,6,9
3/5/2023,Twitter,video,522,258,427,9435,0,1,2023,3,6,9
3/6/2023,Facebook,video,1008,739,418,9762,2,1,2023,3,0,10
3/6/2023,Facebook,video,1520,873,317,9466,2,1,2023,3,0,10
3/6/2023,Facebook,video,2009,602,487,7325,2,1,2023,3,0,10
3/6/2023,Instagram,image,954,448,219,8742,1,0,2023,3,0,10
3/6/2023,Facebook,text,2110,226,454,8535,2,2,2023,3,0,10
3/6/2023,Instagram,image,1130,433,418,5322,1,0,2023,3,0,10
3/6/2023,Facebook,image,825,229,379,6020,2,0,2023,3,0,10
3/7/2023,Twitter,image,1900,763,200,5648,0,0,2023,3,1,10
3/7/2023,Instagram,video,742,896,153,7160,1,1,2023,3,1,10
3/7/2023,Facebook,text,1002,656,442,7035,2,2,2023,3,1,10
3/7/2023,Instagram,image,1762,253,499,7892,1,0,2023,3,1,10
3/7/2023,Facebook,image,1361,547,478,4917,2,0,2023,3,1,10
3/7/2023,Twitter,image,1545,886,216,7206,0,0,2023,3,1,10
3/7/2023,Facebook,text,499,783,343,9155,2,2,2023,3,1,10
3/7/2023,Twitter,text,954,316,127,4305,0,2,2023,3,1,10
3/8/2023,Twitter,text,749,593,310,4909,0,2,2023,3,2,10
3/8/2023,Instagram,image,895,811,225,9655,1,0,2023,3,2,10
3/8/2023,Facebook,text,458,627,209,4284,2,2,2023,3,2,10
3/9/2023,Facebook,image,467,325,112,9086,2,0,2023,3,3,10
3/9/2023,Facebook,text,1638,688,434,6427,2,2,2023,3,3,10
3/9/2023,Facebook,text,1754,258,491,9015,2,2,2023,3,3,10
3/9/2023,Instagram,image,1298,455,175,7994,1,0,2023,3,3,10
3/9/2023,Facebook,image,1575,167,421,9374,2,0,2023,3,3,10
3/9/2023,Instagram,image,1403,418,457,5580,1,0,2023,3,3,10
3/10/2023,Twitter,image,681,698,314,4224,0,0,2023,3,4,10
3/10/2023,Twitter,text,1334,110,226,4228,0,2,2023,3,4,10
3/10/2023,Facebook,image,601,561,121,7917,2,0,2023,3,4,10
3/10/2023,Instagram,text,489,572,409,9338,1,2,2023,3,4,10
3/11/2023,Twitter,text,1649,197,486,9427,0,2,2023,3,5,10
3/11/2023,Instagram,video,1271,713,246,7684,1,1,2023,3,5,10
3/11/2023,Twitter,image,405,207,161,5291,0,0,2023,3,5,10
3/11/2023,Twitter,image,754,468,430,6044,0,0,2023,3,5,10
3/12/2023,Facebook,image,2139,893,245,9948,2,0,2023,3,6,10
3/12/2023,Twitter,image,451,896,351,7548,0,0,2023,3,6,10
3/12/2023,Instagram,video,460,501,302,4745,1,1,2023,3,6,10
3/12/2023,Twitter,video,1042,541,171,5164,0,1,2023,3,6,10
3/12/2023,Twitter,text,1458,528,369,7399,0,2,2023,3,6,10
3/12/2023,Twitter,image,2058,889,391,4179,0,0,2023,3,6,10
3/12/2023,Twitter,text,412,249,107,8118,0,2,2023,3,6,10
3/12/2023,Instagram,image,816,356,471,5057,1,0,2023,3,6,10
3/12/2023,Twitter,text,790,470,129,4210,0,2,2023,3,6,10
3/12/2023,Twitter,video,542,831,168,8912,0,1,2023,3,6,10
3/12/2023,Instagram,text,410,798,102,8280,1,2,2023,3,6,10
3/13/2023,Twitter,image,1815,692,312,7188,0,0,2023,3,0,11
3/13/2023,Instagram,text,613,850,460,6731,1,2,2023,3,0,11
3/13/2023,Facebook,text,671,138,285,8016,2,2,2023,3,0,11
3/13/2023,Twitter,image,911,659,239,9796,0,0,2023,3,0,11
3/13/2023,Facebook,image,2180,383,463,4367,2,0,2023,3,0,11
3/13/2023,Twitter,image,410,339,215,8224,0,0,2023,3,0,11
3/13/2023,Instagram,image,2135,508,241,7264,1,0,2023,3,0,11
3/13/2023,Twitter,image,2010,210,316,9257,0,0,2023,3,0,11
3/13/2023,Facebook,image,495,141,494,4503,2,0,2023,3,0,11
3/13/2023,Twitter,video,1249,440,473,9766,0,1,2023,3,0,11
3/14/2023,Twitter,video,1084,212,425,4214,0,1,2023,3,1,11
3/14/2023,Instagram,text,655,111,407,8368,1,2,2023,3,1,11
3/15/2023,Facebook,image,1642,251,225,9218,2,0,2023,3,2,11
3/15/2023,Twitter,image,556,856,433,8640,0,0,2023,3,2,11
3/15/2023,Facebook,image,1935,634,359,5641,2,0,2023,3,2,11
3/15/2023,Facebook,image,1930,668,144,8109,2,0,2023,3,2,11
3/15/2023,Instagram,text,610,502,234,5906,1,2,2023,3,2,11
3/15/2023,Facebook,text,751,757,168,7896,2,2,2023,3,2,11
3/15/2023,Twitter,video,776,696,498,8442,0,1,2023,3,2,11
3/15/2023,Twitter,text,448,463,261,4699,0,2,2023,3,2,11
3/15/2023,Twitter,text,996,612,365,4894,0,2,2023,3,2,11
3/16/2023,Twitter,video,820,797,228,5961,0,1,2023,3,3,11
3/17/2023,Instagram,text,679,423,159,8481,1,2,2023,3,4,11
3/17/2023,Instagram,image,1562,515,488,5537,1,0,2023,3,4,11
3/17/2023,Instagram,text,1350,489,463,6644,1,2,2023,3,4,11
3/17/2023,Twitter,video,848,168,282,6144,0,1,2023,3,4,11
3/17/2023,Facebook,image,528,373,245,5086,2,0,2023,3,4,11
3/17/2023,Facebook,text,2197,611,218,8094,2,2,2023,3,4,11
3/17/2023,Twitter,text,412,338,280,4238,0,2,2023,3,4,11
3/18/2023,Instagram,video,1184,494,266,4328,1,1,2023,3,5,11
3/18/2023,Twitter,image,988,578,375,5306,0,0,2023,3,5,11
3/18/2023,Facebook,image,1298,142,184,6737,2,0,2023,3,5,11
3/18/2023,Instagram,image,1067,858,365,4018,1,0,2023,3,5,11
3/18/2023,Instagram,image,1279,230,344,7855,1,0,2023,3,5,11
3/18/2023,Twitter,video,1892,514,284,7340,0,1,2023,3,5,11
3/18/2023,Twitter,image,1962,289,326,7530,0,0,2023,3,5,11
3/18/2023,Instagram,image,1945,206,330,7207,1,0,2023,3,5,11
3/19/2023,Twitter,video,1520,695,208,5308,0,1,2023,3,6,11
3/19/2023,Instagram,video,636,824,452,5140,1,1,2023,3,6,11
3/20/2023,Twitter,image,1215,597,228,7371,0,0,2023,3,0,12
3/20/2023,Twitter,video,1166,604,231,8569,0,1,2023,3,0,12
3/20/2023,Twitter,text,649,520,379,5356,0,2,2023,3,0,12
3/20/2023,Twitter,image,2138,313,404,7516,0,0,2023,3,0,12
3/20/2023,Instagram,image,515,653,407,8650,1,0,2023,3,0,12
3/21/2023,Facebook,video,1480,664,270,5544,2,1,2023,3,1,12
3/21/2023,Instagram,video,1022,473,349,7241,1,1,2023,3,1,12
3/21/2023,Instagram,image,1742,275,348,7532,1,0,2023,3,1,12
3/21/2023,Instagram,text,1952,685,358,6335,1,2,2023,3,1,12
3/22/2023,Twitter,text,463,772,157,7606,0,2,2023,3,2,12
3/22/2023,Facebook,video,528,716,323,5795,2,1,2023,3,2,12
3/22/2023,Instagram,image,689,206,103,7587,1,0,2023,3,2,12
3/22/2023,Instagram,video,1475,267,435,9506,1,1,2023,3,2,12
3/23/2023,Facebook,image,691,253,287,5031,2,0,2023,3,3,12
3/23/2023,Facebook,text,564,326,471,5555,2,2,2023,3,3,12
3/23/2023,Facebook,text,1406,259,318,8219,2,2,2023,3,3,12
3/24/2023,Twitter,video,867,202,438,9326,0,1,2023,3,4,12
3/24/2023,Twitter,text,1379,682,225,5561,0,2,2023,3,4,12
3/24/2023,Facebook,text,1349,233,319,5290,2,2,2023,3,4,12
3/24/2023,Twitter,text,1873,669,341,8033,0,2,2023,3,4,12
3/24/2023,Instagram,video,709,498,360,6352,1,1,2023,3,4,12
3/24/2023,Instagram,image,1497,176,113,4928,1,0,2023,3,4,12
3/24/2023,Twitter,image,1451,482,460,5459,0,0,2023,3,4,12
3/25/2023,Instagram,video,1734,592,210,4616,1,1,2023,3,5,12
3/26/2023,Twitter,video,515,216,380,7090,0,1,2023,3,6,12
3/26/2023,Instagram,text,1761,888,415,8090,1,2,2023,3,6,12
3/26/2023,Facebook,video,1063,133,300,8772,2,1,2023,3,6,12
3/26/2023,Facebook,video,1423,196,390,4112,2,1,2023,3,6,12
3/26/2023,Facebook,text,2177,710,326,6714,2,2,2023,3,6,12
3/26/2023,Twitter,text,522,805,288,7107,0,2,2023,3,6,12
3/26/2023,Facebook,video,2084,860,279,8851,2,1,2023,3,6,12
3/26/2023,Twitter,image,1682,708,161,4328,0,0,2023,3,6,12
3/27/2023,Twitter,text,1503,183,494,9989,0,2,2023,3,0,13
3/27/2023,Instagram,text,1895,637,259,4319,1,2,2023,3,0,13
3/27/2023,Twitter,video,1784,118,201,6615,0,1,2023,3,0,13
3/27/2023,Facebook,text,504,641,429,4759,2,2,2023,3,0,13
3/27/2023,Facebook,video,1375,125,152,7333,2,1,2023,3,0,13
3/27/2023,Twitter,video,1998,808,487,9758,0,1,2023,3,0,13
3/27/2023,Instagram,text,1182,513,392,4220,1,2,2023,3,0,13
3/28/2023,Twitter,text,1138,784,327,4026,0,2,2023,3,1,13
3/28/2023,Facebook,image,1194,465,114,4767,2,0,2023,3,1,13
3/28/2023,Twitter,video,1105,413,256,6050,0,1,2023,3,1,13
3/28/2023,Facebook,image,1318,561,405,9041,2,0,2023,3,1,13
3/28/2023,Twitter,image,867,345,332,5637,0,0,2023,3,1,13
3/28/2023,Instagram,image,472,128,433,8361,1,0,2023,3,1,13
3/29/2023,Facebook,text,1000,677,264,8864,2,2,2023,3,2,13
3/29/2023,Twitter,image,1675,734,468,5908,0,0,2023,3,2,13
3/29/2023,Instagram,text,875,437,410,9143,1,2,2023,3,2,13
3/30/2023,Twitter,image,1729,762,467,6448,0,0,2023,3,3,13
3/30/2023,Instagram,video,1405,300,108,5906,1,1,2023,3,3,13
3/30/2023,Instagram,image,1118,735,301,4951,1,0,2023,3,3,13
3/30/2023,Instagram,image,418,786,302,9934,1,0,2023,3,3,13
3/30/2023,Facebook,image,1713,891,140,9036,2,0,2023,3,3,13
3/30/2023,Twitter,text,709,782,444,4809,0,2,2023,3,3,13
3/30/2023,Twitter,video,870,618,281,4560,0,1,2023,3,3,13
3/30/2023,Twitter,image,1073,609,256,6746,0,0,2023,3,3,13
3/31/2023,Facebook,image,2111,347,436,5989,2,0,2023,3,4,13
3/31/2023,Twitter,video,1312,873,412,7282,0,1,2023,3,4,13
3/31/2023,Twitter,image,1446,822,443,9788,0,0,2023,3,4,13
3/31/2023,Instagram,video,2185,466,327,7601,1,1,2023,3,4,13
3/31/2023,Twitter,video,1917,495,460,9563,0,1,2023,3,4,13
3/31/2023,Facebook,text,1626,561,422,7698,2,2,2023,3,4,13
4/1/2023,Twitter,video,1445,205,171,9511,0,1,2023,4,5,13
4/1/2023,Facebook,video,817,676,143,4845,2,1,2023,4,5,13
4/1/2023,Facebook,video,1491,514,133,9109,2,1,2023,4,5,13
4/1/2023,Facebook,text,475,122,444,8596,2,2,2023,4,5,13
4/1/2023,Twitter,video,1841,453,480,7474,0,1,2023,4,5,13
4/1/2023,Facebook,video,808,767,151,6591,2,1,2023,4,5,13
4/2/2023,Facebook,text,1189,195,113,8880,2,2,2023,4,6,13
4/2/2023,Facebook,text,1742,808,313,6482,2,2,2023,4,6,13
4/2/2023,Facebook,video,491,779,344,6413,2,1,2023,4,6,13
4/2/2023,Twitter,text,1892,160,232,5363,0,2,2023,4,6,13
4/2/2023,Twitter,text,2176,149,233,6298,0,2,2023,4,6,13
4/2/2023,Instagram,text,1844,157,214,4974,1,2,2023,4,6,13
4/2/2023,Instagram,image,700,200,139,6085,1,0,2023,4,6,13
4/2/2023,Twitter,image,954,576,426,5744,0,0,2023,4,6,13
4/2/2023,Facebook,image,1909,253,330,7945,2,0,2023,4,6,13
4/3/2023,Instagram,text,817,769,395,7830,1,2,2023,4,0,14
4/3/2023,Twitter,text,1817,109,176,8017,0,2,2023,4,0,14
4/3/2023,Facebook,video,1704,340,114,5657,2,1,2023,4,0,14
4/3/2023,Twitter,text,1683,403,178,9714,0,2,2023,4,0,14
4/4/2023,Twitter,image,1396,743,282,4272,0,0,2023,4,1,14
4/4/2023,Twitter,image,1369,167,399,6149,0,0,2023,4,1,14
4/4/2023,Facebook,video,986,869,162,6127,2,1,2023,4,1,14
4/4/2023,Instagram,video,1250,679,339,4786,1,1,2023,4,1,14
4/4/2023,Facebook,image,1471,632,357,9595,2,0,2023,4,1,14
4/4/2023,Facebook,text,1090,835,323,7643,2,2,2023,4,1,14
4/4/2023,Instagram,image,1292,495,311,8355,1,0,2023,4,1,14
4/4/2023,Twitter,image,793,762,460,9883,0,0,2023,4,1,14
4/4/2023,Twitter,image,583,218,127,4699,0,0,2023,4,1,14
4/5/2023,Instagram,image,598,421,123,6765,1,0,2023,4,2,14
4/5/2023,Instagram,image,1708,460,160,9700,1,0,2023,4,2,14
4/5/2023,Facebook,image,673,812,111,5974,2,0,2023,4,2,14
4/6/2023,Facebook,image,1640,116,497,4427,2,0,2023,4,3,14
4/6/2023,Instagram,image,1011,374,290,7425,1,0,2023,4,3,14
4/6/2023,Twitter,text,587,764,167,8190,0,2,2023,4,3,14
4/6/2023,Twitter,text,1804,721,413,8800,0,2,2023,4,3,14
4/6/2023,Instagram,video,1590,887,225,8061,1,1,2023,4,3,14
4/6/2023,Twitter,text,2123,738,172,4634,0,2,2023,4,3,14
4/7/2023,Facebook,video,1571,505,103,9151,2,1,2023,4,4,14
4/7/2023,Facebook,text,1349,849,405,7071,2,2,2023,4,4,14
4/7/2023,Twitter,video,648,278,431,4558,0,1,2023,4,4,14
4/7/2023,Twitter,video,1093,287,439,9508,0,1,2023,4,4,14
4/8/2023,Facebook,video,1437,308,496,7230,2,1,2023,4,5,14
4/8/2023,Twitter,video,1720,866,445,7304,0,1,2023,4,5,14
4/8/2023,Twitter,video,1039,770,386,7336,0,1,2023,4,5,14
4/8/2023,Instagram,image,430,235,404,4836,1,0,2023,4,5,14
4/8/2023,Twitter,video,1521,775,238,8046,0,1,2023,4,5,14
4/9/2023,Twitter,image,825,185,458,9353,0,0,2023,4,6,14
4/9/2023,Instagram,text,1080,259,366,6767,1,2,2023,4,6,14
4/9/2023,Twitter,image,1113,204,449,6760,0,0,2023,4,6,14
4/9/2023,Twitter,image,1111,671,452,7902,0,0,2023,4,6,14
4/9/2023,Twitter,text,1840,642,267,5051,0,2,2023,4,6,14
4/9/2023,Facebook,video,573,222,451,5364,2,1,2023,4,6,14
4/10/2023,Facebook,video,2065,453,425,8316,2,1,2023,4,0,15
4/10/2023,Instagram,image,1051,313,472,7149,1,0,2023,4,0,15
4/10/2023,Facebook,image,1097,812,170,7979,2,0,2023,4,0,15
4/11/2023,Facebook,text,1130,448,229,7445,2,2,2023,4,1,15
4/11/2023,Twitter,video,1554,443,440,6264,0,1,2023,4,1,15
4/12/2023,Twitter,video,1596,734,263,4299,0,1,2023,4,2,15
4/12/2023,Twitter,text,1949,474,143,6995,0,2,2023,4,2,15
4/12/2023,Facebook,video,1668,727,263,8392,2,1,2023,4,2,15
4/12/2023,Instagram,image,1023,637,427,8054,1,0,2023,4,2,15
4/13/2023,Instagram,text,1406,485,242,7540,1,2,2023,4,3,15
4/13/2023,Facebook,video,1837,638,306,5854,2,1,2023,4,3,15
4/13/2023,Instagram,text,2000,142,192,9021,1,2,2023,4,3,15
4/13/2023,Twitter,text,1188,120,342,8731,0,2,2023,4,3,15
4/13/2023,Instagram,image,1726,116,213,8265,1,0,2023,4,3,15
4/13/2023,Twitter,image,1925,286,213,9741,0,0,2023,4,3,15
4/13/2023,Instagram,video,578,539,246,6607,1,1,2023,4,3,15
4/13/2023,Facebook,text,1448,539,251,8475,2,2,2023,4,3,15
4/14/2023,Instagram,video,1513,774,193,5985,1,1,2023,4,4,15
4/14/2023,Instagram,video,1947,269,128,5584,1,1,2023,4,4,15
4/14/2023,Instagram,image,499,257,459,7806,1,0,2023,4,4,15
4/14/2023,Twitter,video,1663,180,418,7151,0,1,2023,4,4,15
4/14/2023,Instagram,video,1911,426,252,4858,1,1,2023,4,4,15
4/14/2023,Instagram,video,435,468,358,7251,1,1,2023,4,4,15
4/15/2023,Twitter,text,1041,656,222,5195,0,2,2023,4,5,15
4/15/2023,Twitter,video,1715,426,211,9412,0,1,2023,4,5,15
4/15/2023,Facebook,image,2121,667,334,6273,2,0,2023,4,5,15
4/15/2023,Twitter,image,1479,126,499,7422,0,0,2023,4,5,15
4/16/2023,Twitter,video,2105,636,303,4433,0,1,2023,4,6,15
4/16/2023,Twitter,video,2124,840,457,8901,0,1,2023,4,6,15
4/16/2023,Facebook,text,2035,645,398,4287,2,2,2023,4,6,15
4/17/2023,Twitter,video,1883,130,320,4854,0,1,2023,4,0,16
4/17/2023,Facebook,image,1354,557,482,5697,2,0,2023,4,0,16
4/17/2023,Twitter,video,971,520,342,4164,0,1,2023,4,0,16
4/17/2023,Instagram,text,2037,454,202,8749,1,2,2023,4,0,16
4/17/2023,Facebook,video,1543,434,226,6495,2,1,2023,4,0,16
4/17/2023,Facebook,image,1935,450,374,4030,2,0,2023,4,0,16
4/17/2023,Twitter,video,1410,199,438,8253,0,1,2023,4,0,16
4/17/2023,Twitter,video,1021,835,163,5690,0,1,2023,4,0,16
4/17/2023,Instagram,image,1552,328,192,4435,1,0,2023,4,0,16
4/17/2023,Facebook,text,2165,191,373,9489,2,2,2023,4,0,16
4/17/2023,Instagram,text,622,633,327,5507,1,2,2023,4,0,16
4/18/2023,Instagram,video,1885,221,334,7350,1,1,2023,4,1,16
4/18/2023,Instagram,text,461,500,414,5582,1,2,2023,4,1,16
4/19/2023,Twitter,text,1543,357,470,5765,0,2,2023,4,2,16
4/20/2023,Facebook,image,1445,525,419,5527,2,0,2023,4,3,16
4/20/2023,Instagram,image,1740,850,416,7633,1,0,2023,4,3,16
4/20/2023,Twitter,video,1689,427,200,4707,0,1,2023,4,3,16
4/20/2023,Instagram,image,1167,430,328,7505,1,0,2023,4,3,16
4/21/2023,Twitter,text,2070,858,231,4208,0,2,2023,4,4,16
4/22/2023,Instagram,text,995,246,366,4237,1,2,2023,4,5,16
4/22/2023,Instagram,video,1787,821,205,9550,1,1,2023,4,5,16
4/22/2023,Twitter,video,492,459,157,7761,0,1,2023,4,5,16
4/22/2023,Facebook,text,433,823,446,7829,2,2,2023,4,5,16
4/22/2023,Instagram,video,522,332,421,7520,1,1,2023,4,5,16
4/23/2023,Facebook,text,2150,597,162,4004,2,2,2023,4,6,16
4/23/2023,Instagram,image,1980,323,217,5760,1,0,2023,4,6,16
4/23/2023,Facebook,video,1288,893,328,8349,2,1,2023,4,6,16
4/23/2023,Facebook,text,1366,495,415,6657,2,2,2023,4,6,16
4/24/2023,Facebook,video,980,394,185,6170,2,1,2023,4,0,17
4/25/2023,Instagram,image,1359,703,288,5503,1,0,2023,4,1,17
4/25/2023,Twitter,image,1247,265,108,5087,0,0,2023,4,1,17
4/25/2023,Twitter,image,2012,293,379,6097,0,0,2023,4,1,17
4/25/2023,Instagram,text,2016,425,140,8253,1,2,2023,4,1,17
4/26/2023,Instagram,image,1930,626,118,7184,1,0,2023,4,2,17
4/26/2023,Instagram,image,938,804,416,8773,1,0,2023,4,2,17
4/26/2023,Instagram,video,1990,539,152,9731,1,1,2023,4,2,17
4/26/2023,Twitter,image,1351,638,233,8382,0,0,2023,4,2,17
4/26/2023,Instagram,text,1447,117,410,9945,1,2,2023,4,2,17
4/26/2023,Facebook,image,835,392,187,8819,2,0,2023,4,2,17
4/26/2023,Twitter,image,802,222,432,5301,0,0,2023,4,2,17
4/26/2023,Facebook,text,1446,676,444,8666,2,2,2023,4,2,17
4/26/2023,Instagram,text,1592,146,490,4950,1,2,2023,4,2,17
4/27/2023,Twitter,video,776,333,328,5414,0,1,2023,4,3,17
4/27/2023,Instagram,video,1941,138,329,4361,1,1,2023,4,3,17
4/27/2023,Twitter,text,1557,425,114,4263,0,2,2023,4,3,17
4/27/2023,Instagram,video,1693,131,426,7912,1,1,2023,4,3,17
4/27/2023,Instagram,image,781,610,390,5298,1,0,2023,4,3,17
4/28/2023,Instagram,image,2139,575,468,8827,1,0,2023,4,4,17
4/28/2023,Instagram,image,1668,337,417,6311,1,0,2023,4,4,17
4/28/2023,Instagram,video,2106,740,429,9828,1,1,2023,4,4,17
4/28/2023,Facebook,text,1571,342,418,8581,2,2,2023,4,4,17
4/28/2023,Facebook,text,593,257,283,5180,2,2,2023,4,4,17
4/29/2023,Facebook,image,1982,664,223,9128,2,0,2023,4,5,17
4/29/2023,Instagram,video,1035,667,225,8282,1,1,2023,4,5,17
4/29/2023,Instagram,video,1142,856,497,9735,1,1,2023,4,5,17
4/29/2023,Instagram,image,1759,577,391,4916,1,0,2023,4,5,17
4/29/2023,Facebook,text,2155,374,348,8396,2,2,2023,4,5,17
4/29/2023,Facebook,video,1468,361,290,8599,2,1,2023,4,5,17
4/29/2023,Twitter,text,1190,426,367,6160,0,2,2023,4,5,17
4/30/2023,Twitter,text,971,775,235,4158,0,2,2023,4,6,17
4/30/2023,Instagram,image,1461,701,228,9742,1,0,2023,4,6,17
4/30/2023,Facebook,video,559,410,135,9669,2,1,2023,4,6,17
4/30/2023,Instagram,text,1852,309,292,6033,1,2,2023,4,6,17
5/1/2023,Facebook,video,1295,810,184,9081,2,1,2023,5,0,18
5/1/2023,Twitter,image,1383,241,310,5729,0,0,2023,5,0,18
5/1/2023,Instagram,image,1404,394,487,8539,1,0,2023,5,0,18
5/1/2023,Facebook,image,2004,195,495,7140,2,0,2023,5,0,18
5/1/2023,Instagram,image,663,592,383,7143,1,0,2023,5,0,18
5/1/2023,Instagram,video,725,385,333,7898,1,1,2023,5,0,18
5/1/2023,Instagram,text,1053,758,192,8599,1,2,2023,5,0,18
5/1/2023,Facebook,text,1661,647,385,4177,2,2,2023,5,0,18
5/1/2023,Twitter,text,1942,384,406,9296,0,2,2023,5,0,18
5/1/2023,Instagram,text,1484,810,157,4443,1,2,2023,5,0,18
5/1/2023,Twitter,image,2089,735,423,9541,0,0,2023,5,0,18
5/2/2023,Instagram,video,1868,494,442,8856,1,1,2023,5,1,18
5/2/2023,Twitter,text,2008,556,385,4633,0,2,2023,5,1,18
5/2/2023,Instagram,video,1027,544,489,8136,1,1,2023,5,1,18
5/2/2023,Twitter,text,1168,494,278,5517,0,2,2023,5,1,18
5/2/2023,Instagram,image,710,843,430,5983,1,0,2023,5,1,18
5/2/2023,Facebook,image,1804,261,322,8219,2,0,2023,5,1,18
5/2/2023,Twitter,image,1192,338,304,8845,0,0,2023,5,1,18
5/3/2023,Instagram,video,1907,649,114,9246,1,1,2023,5,2,18
5/3/2023,Instagram,image,2006,223,459,6930,1,0,2023,5,2,18
5/3/2023,Instagram,text,1625,724,443,7925,1,2,2023,5,2,18
5/3/2023,Facebook,text,1635,149,357,5346,2,2,2023,5,2,18
5/4/2023,Facebook,text,1171,225,225,6123,2,2,2023,5,3,18
5/4/2023,Facebook,text,645,464,359,5730,2,2,2023,5,3,18
5/4/2023,Facebook,image,553,343,161,8178,2,0,2023,5,3,18
5/4/2023,Twitter,text,815,820,179,7674,0,2,2023,5,3,18
5/4/2023,Twitter,video,1267,155,269,6599,0,1,2023,5,3,18
5/4/2023,Facebook,video,1220,735,298,9527,2,1,2023,5,3,18
5/5/2023,Instagram,image,1376,318,425,8288,1,0,2023,5,4,18
5/5/2023,Instagram,text,2100,752,496,8727,1,2,2023,5,4,18
5/5/2023,Twitter,text,1984,407,365,7150,0,2,2023,5,4,18
5/5/2023,Twitter,text,1135,266,131,7334,0,2,2023,5,4,18
5/6/2023,Twitter,image,1099,699,402,4673,0,0,2023,5,5,18
5/6/2023,Twitter,text,2023,792,390,4392,0,2,2023,5,5,18
5/6/2023,Instagram,video,878,290,389,7559,1,1,2023,5,5,18
5/6/2023,Twitter,text,1829,154,410,9416,0,2,2023,5,5,18
5/7/2023,Twitter,image,1450,879,267,4801,0,0,2023,5,6,18
5/7/2023,Twitter,image,954,513,190,6530,0,0,2023,5,6,18
5/7/2023,Instagram,video,843,467,231,8800,1,1,2023,5,6,18
5/7/2023,Facebook,image,1972,497,460,5675,2,0,2023,5,6,18
5/7/2023,Instagram,image,696,491,485,9562,1,0,2023,5,6,18
5/7/2023,Instagram,image,2007,142,468,8421,1,0,2023,5,6,18
5/7/2023,Twitter,image,1300,350,245,8934,0,0,2023,5,6,18
5/8/2023,Facebook,video,815,410,253,9963,2,1,2023,5,0,19
5/8/2023,Facebook,text,1364,642,278,7021,2,2,2023,5,0,19
5/8/2023,Instagram,image,484,874,271,6019,1,0,2023,5,0,19
5/8/2023,Instagram,video,640,807,236,9153,1,1,2023,5,0,19
5/9/2023,Facebook,image,1535,589,207,6007,2,0,2023,5,1,19
5/9/2023,Instagram,image,1267,833,174,4979,1,0,2023,5,1,19
5/9/2023,Facebook,text,2078,661,321,7994,2,2,2023,5,1,19
5/10/2023,Instagram,image,913,564,480,4916,1,0,2023,5,2,19
5/10/2023,Twitter,image,1782,639,219,6493,0,0,2023,5,2,19
5/10/2023,Facebook,image,511,511,325,8185,2,0,2023,5,2,19
5/10/2023,Twitter,text,1020,468,352,5359,0,2,2023,5,2,19
5/10/2023,Facebook,video,1012,716,397,9145,2,1,2023,5,2,19
5/11/2023,Facebook,text,1922,288,496,5683,2,2,2023,5,3,19
5/11/2023,Instagram,text,1785,787,184,7342,1,2,2023,5,3,19
5/11/2023,Twitter,text,958,573,447,5072,0,2,2023,5,3,19
5/11/2023,Instagram,image,1763,855,263,9253,1,0,2023,5,3,19
5/12/2023,Facebook,video,2066,466,430,5998,2,1,2023,5,4,19
5/12/2023,Instagram,text,1907,736,129,7647,1,2,2023,5,4,19
5/12/2023,Facebook,text,462,833,163,6118,2,2,2023,5,4,19
5/12/2023,Instagram,text,1331,173,479,4707,1,2,2023,5,4,19
5/12/2023,Instagram,image,1698,444,335,5325,1,0,2023,5,4,19
5/12/2023,Instagram,image,1509,820,498,5407,1,0,2023,5,4,19
5/12/2023,Instagram,image,1555,690,442,4954,1,0,2023,5,4,19
5/12/2023,Instagram,video,2145,614,155,7002,1,1,2023,5,4,19
5/12/2023,Twitter,text,1214,372,379,7173,0,2,2023,5,4,19
5/12/2023,Twitter,text,2199,845,224,8331,0,2,2023,5,4,19
5/12/2023,Twitter,image,1660,530,291,9762,0,0,2023,5,4,19
5/13/2023,Instagram,video,1788,728,359,4646,1,1,2023,5,5,19
5/13/2023,Twitter,text,1095,528,472,9885,0,2,2023,5,5,19
5/13/2023,Facebook,video,811,378,156,8994,2,1,2023,5,5,19
5/13/2023,Twitter,text,2179,211,239,5862,0,2,2023,5,5,19
5/14/2023,Facebook,text,1503,703,159,4275,2,2,2023,5,6,19
5/14/2023,Twitter,video,1555,248,464,7302,0,1,2023,5,6,19
5/14/2023,Instagram,text,783,511,233,6057,1,2,2023,5,6,19
5/14/2023,Instagram,text,1328,665,382,9544,1,2,2023,5,6,19
5/15/2023,Instagram,video,1095,194,151,8105,1,1,2023,5,0,20
5/15/2023,Twitter,text,622,463,386,4092,0,2,2023,5,0,20
5/15/2023,Facebook,image,1491,632,420,4649,2,0,2023,5,0,20
5/16/2023,Twitter,video,919,700,315,4533,0,1,2023,5,1,20
5/16/2023,Twitter,text,1540,629,387,6710,0,2,2023,5,1,20
5/16/2023,Twitter,image,1126,203,480,7922,0,0,2023,5,1,20
5/16/2023,Instagram,video,1349,336,391,5075,1,1,2023,5,1,20
5/16/2023,Twitter,video,1363,774,150,5864,0,1,2023,5,1,20
5/17/2023,Twitter,image,1342,892,317,8001,0,0,2023,5,2,20
5/18/2023,Facebook,text,1561,378,263,7533,2,2,2023,5,3,20
5/18/2023,Facebook,video,1847,209,450,8052,2,1,2023,5,3,20
5/18/2023,Instagram,video,1946,864,415,8201,1,1,2023,5,3,20
5/18/2023,Facebook,image,1867,825,174,5527,2,0,2023,5,3,20
5/18/2023,Facebook,image,855,828,450,5271,2,0,2023,5,3,20
5/18/2023,Twitter,image,680,793,275,9406,0,0,2023,5,3,20
5/18/2023,Instagram,text,1951,632,426,4712,1,2,2023,5,3,20
5/19/2023,Instagram,image,670,196,211,6948,1,0,2023,5,4,20
5/19/2023,Facebook,text,820,618,149,9478,2,2,2023,5,4,20
5/19/2023,Facebook,image,1661,518,280,5371,2,0,2023,5,4,20
5/19/2023,Instagram,text,694,454,411,8761,1,2,2023,5,4,20
5/19/2023,Instagram,video,1027,564,306,6580,1,1,2023,5,4,20
5/20/2023,Instagram,video,543,497,292,8667,1,1,2023,5,5,20
5/20/2023,Twitter,image,1609,147,416,7937,0,0,2023,5,5,20
5/20/2023,Twitter,text,1820,843,238,5475,0,2,2023,5,5,20
5/20/2023,Instagram,image,745,579,482,7885,1,0,2023,5,5,20
5/20/2023,Facebook,image,1941,581,422,8966,2,0,2023,5,5,20
5/20/2023,Facebook,image,422,240,272,5526,2,0,2023,5,5,20
5/20/2023,Twitter,image,1361,886,115,5382,0,0,2023,5,5,20
5/21/2023,Instagram,image,1858,808,125,7068,1,0,2023,5,6,20
5/21/2023,Facebook,video,951,447,493,6737,2,1,2023,5,6,20
5/21/2023,Twitter,video,1218,781,370,9701,0,1,2023,5,6,20
5/21/2023,Instagram,text,846,772,368,6897,1,2,2023,5,6,20
5/21/2023,Instagram,text,1185,793,259,8437,1,2,2023,5,6,20
5/21/2023,Twitter,text,918,446,401,6084,0,2,2023,5,6,20
5/21/2023,Facebook,text,778,843,235,9335,2,2,2023,5,6,20
5/21/2023,Instagram,text,1396,570,118,4282,1,2,2023,5,6,20
5/21/2023,Facebook,image,1701,877,239,6982,2,0,2023,5,6,20
5/22/2023,Facebook,image,1767,207,223,7684,2,0,2023,5,0,21
5/22/2023,Instagram,text,977,786,325,5850,1,2,2023,5,0,21
5/22/2023,Facebook,text,1248,795,243,9100,2,2,2023,5,0,21
5/22/2023,Twitter,text,757,305,370,4760,0,2,2023,5,0,21
5/22/2023,Instagram,image,1312,542,153,4415,1,0,2023,5,0,21
5/22/2023,Instagram,video,1803,676,115,7355,1,1,2023,5,0,21
5/23/2023,Twitter,text,757,278,494,5244,0,2,2023,5,1,21
5/23/2023,Instagram,video,1289,323,220,8310,1,1,2023,5,1,21
5/24/2023,Twitter,video,1432,532,414,4667,0,1,2023,5,2,21
5/24/2023,Facebook,video,1291,185,461,4771,2,1,2023,5,2,21
5/24/2023,Twitter,image,868,238,352,8836,0,0,2023,5,2,21
5/24/2023,Facebook,video,725,513,456,6416,2,1,2023,5,2,21
5/24/2023,Facebook,text,2167,175,354,8340,2,2,2023,5,2,21
5/24/2023,Instagram,video,960,491,486,6927,1,1,2023,5,2,21
5/24/2023,Twitter,video,1677,819,341,9722,0,1,2023,5,2,21
5/25/2023,Instagram,image,982,889,318,4092,1,0,2023,5,3,21
5/25/2023,Facebook,image,539,833,298,7247,2,0,2023,5,3,21
5/25/2023,Instagram,text,1849,313,176,8975,1,2,2023,5,3,21
5/25/2023,Facebook,text,999,137,236,4954,2,2,2023,5,3,21
5/25/2023,Facebook,video,701,345,328,6221,2,1,2023,5,3,21
5/25/2023,Instagram,video,1129,473,429,6635,1,1,2023,5,3,21
5/25/2023,Instagram,text,1696,234,144,8205,1,2,2023,5,3,21
5/25/2023,Twitter,image,1843,543,338,5217,0,0,2023,5,3,21
5/25/2023,Facebook,image,911,661,359,4124,2,0,2023,5,3,21
5/26/2023,Twitter,image,2123,289,475,7414,0,0,2023,5,4,21
5/26/2023,Instagram,text,1960,412,111,9313,1,2,2023,5,4,21
5/26/2023,Twitter,text,881,596,209,8212,0,2,2023,5,4,21
5/26/2023,Instagram,video,565,452,388,9033,1,1,2023,5,4,21
5/26/2023,Instagram,text,733,789,163,6075,1,2,2023,5,4,21
5/26/2023,Instagram,text,639,248,125,4972,1,2,2023,5,4,21
5/26/2023,Facebook,image,1164,720,167,5234,2,0,2023,5,4,21
5/27/2023,Instagram,text,798,874,437,5077,1,2,2023,5,5,21
5/27/2023,Facebook,video,1146,872,191,6092,2,1,2023,5,5,21
5/27/2023,Instagram,image,2077,156,363,9452,1,0,2023,5,5,21
5/27/2023,Instagram,text,1523,255,289,4888,1,2,2023,5,5,21
5/28/2023,Twitter,image,2019,468,316,4861,0,0,2023,5,6,21
5/28/2023,Instagram,text,1366,164,219,7123,1,2,2023,5,6,21
5/28/2023,Twitter,text,1642,632,300,4685,0,2,2023,5,6,21
5/28/2023,Instagram,video,1822,325,426,4143,1,1,2023,5,6,21
5/28/2023,Instagram,video,1588,279,352,6927,1,1,2023,5,6,21
5/28/2023,Facebook,text,2033,236,178,7315,2,2,2023,5,6,21
5/29/2023,Facebook,text,674,164,267,7797,2,2,2023,5,0,22
5/29/2023,Facebook,video,1633,290,336,4528,2,1,2023,5,0,22
5/29/2023,Twitter,video,2056,693,381,7188,0,1,2023,5,0,22
5/30/2023,Instagram,text,781,510,230,7305,1,2,2023,5,1,22
5/30/2023,Twitter,image,2079,547,208,6303,0,0,2023,5,1,22
5/30/2023,Twitter,video,1673,179,204,6433,0,1,2023,5,1,22
5/30/2023,Instagram,image,1856,513,293,8131,1,0,2023,5,1,22
5/31/2023,Twitter,image,1595,869,331,9376,0,0,2023,5,2,22
5/31/2023,Facebook,text,956,749,252,5333,2,2,2023,5,2,22
5/31/2023,Instagram,image,1919,889,323,9439,1,0,2023,5,2,22
5/31/2023,Twitter,text,677,442,468,9630,0,2,2023,5,2,22
5/31/2023,Facebook,text,2001,220,393,4003,2,2,2023,5,2,22
6/1/2023,Twitter,text,2004,277,140,4937,0,2,2023,6,3,22
6/1/2023,Twitter,video,980,770,334,4875,0,1,2023,6,3,22
6/1/2023,Instagram,video,981,452,398,9571,1,1,2023,6,3,22
6/1/2023,Twitter,image,1737,446,120,9330,0,0,2023,6,3,22
6/1/2023,Facebook,text,1647,714,161,4295,2,2,2023,6,3,22
6/1/2023,Twitter,image,787,308,301,4000,0,0,2023,6,3,22
6/2/2023,Facebook,video,2173,395,412,6407,2,1,2023,6,4,22
6/2/2023,Facebook,text,1008,616,367,9745,2,2,2023,6,4,22
6/2/2023,Twitter,text,1869,267,329,5248,0,2,2023,6,4,22
6/2/2023,Twitter,text,1032,135,434,8452,0,2,2023,6,4,22
6/2/2023,Facebook,text,911,545,134,7385,2,2,2023,6,4,22
6/2/2023,Twitter,video,992,740,450,6214,0,1,2023,6,4,22
6/2/2023,Twitter,text,867,532,416,4732,0,2,2023,6,4,22
6/2/2023,Instagram,video,1551,437,386,5891,1,1,2023,6,4,22
6/2/2023,Instagram,image,674,467,183,7233,1,0,2023,6,4,22
6/3/2023,Instagram,video,983,228,389,7261,1,1,2023,6,5,22
6/3/2023,Instagram,video,639,300,180,6927,1,1,2023,6,5,22
6/4/2023,Twitter,image,1089,535,140,5699,0,0,2023,6,6,22
6/4/2023,Twitter,image,442,787,366,8137,0,0,2023,6,6,22
6/5/2023,Instagram,image,1289,688,223,7266,1,0,2023,6,0,23
6/5/2023,Facebook,text,493,512,330,6454,2,2,2023,6,0,23
6/5/2023,Instagram,video,595,667,246,6474,1,1,2023,6,0,23
6/5/2023,Instagram,image,598,698,156,7574,1,0,2023,6,0,23
6/5/2023,Instagram,video,1745,621,263,9931,1,1,2023,6,0,23
6/5/2023,Facebook,image,1194,619,434,5784,2,0,2023,6,0,23
6/5/2023,Facebook,video,1875,479,158,6053,2,1,2023,6,0,23
6/5/2023,Facebook,video,601,595,138,5447,2,1,2023,6,0,23
6/5/2023,Twitter,video,1707,345,380,8604,0,1,2023,6,0,23
6/6/2023,Instagram,image,1864,456,291,4068,1,0,2023,6,1,23
6/6/2023,Facebook,image,1907,163,480,4306,2,0,2023,6,1,23
6/6/2023,Twitter,text,1078,203,169,6312,0,2,2023,6,1,23
6/6/2023,Instagram,text,1456,247,443,8417,1,2,2023,6,1,23
6/6/2023,Instagram,text,553,603,271,4905,1,2,2023,6,1,23
6/6/2023,Twitter,video,595,581,301,9415,0,1,2023,6,1,23
6/6/2023,Twitter,video,617,459,377,4457,0,1,2023,6,1,23
6/6/2023,Facebook,image,1982,751,132,7157,2,0,2023,6,1,23
6/7/2023,Facebook,image,2193,343,276,5693,2,0,2023,6,2,23
6/7/2023,Twitter,video,1951,300,437,4909,0,1,2023,6,2,23
6/7/2023,Instagram,image,1609,239,164,4334,1,0,2023,6,2,23
6/7/2023,Instagram,text,568,359,308,5952,1,2,2023,6,2,23
6/7/2023,Twitter,image,1928,826,142,5379,0,0,2023,6,2,23
6/8/2023,Twitter,video,2167,194,481,9305,0,1,2023,6,3,23
6/8/2023,Facebook,video,605,216,425,9440,2,1,2023,6,3,23
6/8/2023,Instagram,video,1442,411,405,5725,1,1,2023,6,3,23
6/8/2023,Instagram,video,1618,183,359,9841,1,1,2023,6,3,23
6/8/2023,Facebook,image,960,672,388,7171,2,0,2023,6,3,23
6/8/2023,Instagram,image,845,259,120,8510,1,0,2023,6,3,23
6/8/2023,Instagram,image,619,338,394,9549,1,0,2023,6,3,23
6/8/2023,Facebook,text,1527,304,263,9426,2,2,2023,6,3,23
6/9/2023,Facebook,video,855,650,413,6748,2,1,2023,6,4,23
6/9/2023,Twitter,text,877,372,422,8834,0,2,2023,6,4,23
6/9/2023,Instagram,image,1849,845,299,5381,1,0,2023,6,4,23
6/9/2023,Twitter,image,1265,510,436,5574,0,0,2023,6,4,23
6/9/2023,Instagram,image,634,357,164,9281,1,0,2023,6,4,23
6/9/2023,Twitter,image,1882,773,315,6612,0,0,2023,6,4,23
6/9/2023,Facebook,image,2053,818,476,9625,2,0,2023,6,4,23
6/10/2023,Twitter,video,2027,559,373,9064,0,1,2023,6,5,23
6/10/2023,Facebook,image,1655,428,342,7387,2,0,2023,6,5,23
6/10/2023,Twitter,video,1642,811,183,6502,0,1,2023,6,5,23
6/11/2023,Facebook,image,1672,419,493,5762,2,0,2023,6,6,23
6/11/2023,Twitter,image,654,122,313,8736,0,0,2023,6,6,23
6/11/2023,Facebook,text,1632,814,200,5603,2,2,2023,6,6,23
6/11/2023,Twitter,image,1220,187,324,7716,0,0,2023,6,6,23
6/12/2023,Twitter,text,1466,371,301,6011,0,2,2023,6,0,24
6/12/2023,Twitter,text,780,427,100,6999,0,2,2023,6,0,24
6/12/2023,Twitter,video,1019,248,301,5004,0,1,2023,6,0,24
6/13/2023,Instagram,video,1365,277,121,6811,1,1,2023,6,1,24
6/13/2023,Instagram,image,1611,529,147,6703,1,0,2023,6,1,24
6/13/2023,Twitter,text,1903,240,291,4496,0,2,2023,6,1,24
6/13/2023,Twitter,video,490,333,422,5398,0,1,2023,6,1,24
6/14/2023,Facebook,image,1115,790,193,7395,2,0,2023,6,2,24
6/14/2023,Twitter,video,947,239,196,4799,0,1,2023,6,2,24
6/14/2023,Facebook,text,1811,135,385,5971,2,2,2023,6,2,24
6/15/2023,Twitter,image,455,186,192,4917,0,0,2023,6,3,24
6/15/2023,Twitter,video,1199,687,122,9634,0,1,2023,6,3,24
6/15/2023,Twitter,text,2056,110,357,8059,0,2,2023,6,3,24
6/15/2023,Instagram,image,699,577,287,7445,1,0,2023,6,3,24
6/15/2023,Instagram,video,1978,867,377,8922,1,1,2023,6,3,24
6/15/2023,Twitter,text,2189,538,213,6341,0,2,2023,6,3,24
6/16/2023,Twitter,video,1643,133,186,6986,0,1,2023,6,4,24
6/16/2023,Instagram,image,1592,111,224,4059,1,0,2023,6,4,24
6/16/2023,Twitter,text,679,754,329,8253,0,2,2023,6,4,24
6/16/2023,Instagram,image,1022,498,200,5968,1,0,2023,6,4,24
6/16/2023,Twitter,video,1901,270,313,7879,0,1,2023,6,4,24
6/17/2023,Twitter,video,1495,240,300,9297,0,1,2023,6,5,24
6/17/2023,Instagram,video,1179,108,365,5487,1,1,2023,6,5,24
6/17/2023,Instagram,image,434,591,431,8802,1,0,2023,6,5,24
6/17/2023,Facebook,image,1147,554,186,8072,2,0,2023,6,5,24
6/17/2023,Instagram,text,1274,641,163,7537,1,2,2023,6,5,24
6/17/2023,Twitter,image,2006,715,331,8176,0,0,2023,6,5,24
6/17/2023,Instagram,text,504,210,279,5346,1,2,2023,6,5,24
6/18/2023,Facebook,image,695,684,185,4259,2,0,2023,6,6,24
6/18/2023,Twitter,image,1435,819,336,7818,0,0,2023,6,6,24
6/18/2023,Instagram,image,715,173,361,7451,1,0,2023,6,6,24
6/19/2023,Facebook,image,1520,857,213,4886,2,0,2023,6,0,25
6/19/2023,Facebook,video,1200,595,448,8985,2,1,2023,6,0,25
6/19/2023,Facebook,video,1584,425,151,7139,2,1,2023,6,0,25
6/19/2023,Facebook,image,1353,835,147,7420,2,0,2023,6,0,25
6/19/2023,Twitter,image,2030,423,374,8549,0,0,2023,6,0,25
6/19/2023,Facebook,image,516,421,426,5786,2,0,2023,6,0,25
6/20/2023,Facebook,image,543,332,246,4645,2,0,2023,6,1,25
6/20/2023,Facebook,text,1283,664,393,8383,2,2,2023,6,1,25
6/20/2023,Instagram,image,558,478,457,7422,1,0,2023,6,1,25
6/20/2023,Twitter,image,720,525,462,9059,0,0,2023,6,1,25
6/20/2023,Facebook,image,730,113,475,5232,2,0,2023,6,1,25
6/20/2023,Instagram,image,1994,144,192,8890,1,0,2023,6,1,25
6/20/2023,Twitter,image,1511,393,392,8702,0,0,2023,6,1,25
6/21/2023,Instagram,image,1866,209,351,5168,1,0,2023,6,2,25
6/21/2023,Facebook,text,1417,350,410,7303,2,2,2023,6,2,25
6/21/2023,Instagram,text,1650,281,382,6975,1,2,2023,6,2,25
6/21/2023,Instagram,text,1840,408,492,7675,1,2,2023,6,2,25
6/21/2023,Twitter,image,493,410,391,9503,0,0,2023,6,2,25
6/22/2023,Twitter,text,1715,482,146,7545,0,2,2023,6,3,25
6/22/2023,Instagram,video,841,764,365,5772,1,1,2023,6,3,25
6/22/2023,Instagram,text,1578,166,358,6253,1,2,2023,6,3,25
6/22/2023,Instagram,video,931,593,442,8109,1,1,2023,6,3,25
6/22/2023,Instagram,video,948,575,224,5653,1,1,2023,6,3,25
6/22/2023,Facebook,video,841,284,433,7437,2,1,2023,6,3,25
6/22/2023,Facebook,image,525,242,455,8111,2,0,2023,6,3,25
6/22/2023,Facebook,video,2142,110,110,4779,2,1,2023,6,3,25
6/22/2023,Twitter,video,1456,437,224,9989,0,1,2023,6,3,25
6/22/2023,Instagram,image,2040,639,296,8033,1,0,2023,6,3,25
6/23/2023,Facebook,text,1491,374,145,8927,2,2,2023,6,4,25
6/23/2023,Instagram,video,2181,450,124,5595,1,1,2023,6,4,25
6/23/2023,Twitter,text,1645,250,286,7318,0,2,2023,6,4,25
6/23/2023,Facebook,video,1807,396,259,7349,2,1,2023,6,4,25
6/23/2023,Twitter,text,883,666,474,5774,0,2,2023,6,4,25
6/23/2023,Facebook,video,511,421,386,8620,2,1,2023,6,4,25
6/23/2023,Facebook,video,1809,589,174,5728,2,1,2023,6,4,25
6/24/2023,Instagram,video,2074,222,455,6797,1,1,2023,6,5,25
6/24/2023,Twitter,video,1133,436,243,6104,0,1,2023,6,5,25
6/24/2023,Facebook,image,856,156,401,9651,2,0,2023,6,5,25
6/24/2023,Instagram,image,471,425,350,6945,1,0,2023,6,5,25
6/24/2023,Facebook,text,808,671,170,8350,2,2,2023,6,5,25
6/25/2023,Facebook,video,1837,515,139,7716,2,1,2023,6,6,25
6/25/2023,Facebook,text,738,716,479,6742,2,2,2023,6,6,25
6/25/2023,Facebook,text,1965,542,147,8241,2,2,2023,6,6,25
6/25/2023,Instagram,text,1627,436,261,8491,1,2,2023,6,6,25
6/25/2023,Instagram,video,1786,798,177,5507,1,1,2023,6,6,25
6/26/2023,Instagram,image,1916,639,419,6927,1,0,2023,6,0,26
6/26/2023,Facebook,image,1154,171,108,9577,2,0,2023,6,0,26
6/26/2023,Instagram,video,1820,614,228,8336,1,1,2023,6,0,26
6/26/2023,Facebook,video,551,430,434,7162,2,1,2023,6,0,26
6/26/2023,Instagram,text,576,436,137,7069,1,2,2023,6,0,26
6/26/2023,Instagram,image,721,233,459,7774,1,0,2023,6,0,26
6/26/2023,Facebook,image,2172,640,402,5771,2,0,2023,6,0,26
6/26/2023,Twitter,video,1517,801,361,5738,0,1,2023,6,0,26
6/27/2023,Twitter,image,1884,146,303,9489,0,0,2023,6,1,26
6/28/2023,Instagram,image,1468,453,280,8067,1,0,2023,6,2,26
6/28/2023,Twitter,text,679,127,431,7238,0,2,2023,6,2,26
6/29/2023,Instagram,text,1625,809,168,6198,1,2,2023,6,3,26
6/29/2023,Twitter,video,1193,375,181,5543,0,1,2023,6,3,26
6/30/2023,Facebook,video,2037,125,140,6852,2,1,2023,6,4,26
6/30/2023,Facebook,video,1291,324,335,5435,2,1,2023,6,4,26
6/30/2023,Instagram,image,1297,172,144,4655,1,0,2023,6,4,26
6/30/2023,Facebook,text,1800,671,490,8179,2,2,2023,6,4,26
6/30/2023,Instagram,video,964,864,252,4885,1,1,2023,6,4,26
7/1/2023,Instagram,image,1340,789,321,9759,1,0,2023,7,5,26
7/1/2023,Facebook,video,1195,486,150,4640,2,1,2023,7,5,26
7/1/2023,Facebook,video,1911,145,239,7107,2,1,2023,7,5,26
7/2/2023,Instagram,image,2142,347,216,8362,1,0,2023,7,6,26
7/2/2023,Facebook,text,2079,659,427,5490,2,2,2023,7,6,26
7/2/2023,Twitter,image,1596,229,350,5394,0,0,2023,7,6,26
7/3/2023,Instagram,image,1497,279,156,4504,1,0,2023,7,0,27
7/3/2023,Facebook,image,1467,837,375,8266,2,0,2023,7,0,27
7/4/2023,Instagram,text,1649,738,157,7490,1,2,2023,7,1,27
7/4/2023,Instagram,video,1027,244,124,9194,1,1,2023,7,1,27
7/4/2023,Instagram,video,800,479,267,7213,1,1,2023,7,1,27
7/4/2023,Twitter,video,818,236,272,6186,0,1,2023,7,1,27
7/4/2023,Instagram,text,985,275,266,8175,1,2,2023,7,1,27
7/4/2023,Twitter,text,1133,324,175,6288,0,2,2023,7,1,27
7/5/2023,Facebook,text,2048,242,295,9701,2,2,2023,7,2,27
7/5/2023,Facebook,image,1257,785,374,7472,2,0,2023,7,2,27
7/5/2023,Twitter,text,773,464,352,9229,0,2,2023,7,2,27
7/5/2023,Instagram,image,1016,566,477,4140,1,0,2023,7,2,27
7/5/2023,Twitter,image,1985,457,371,9123,0,0,2023,7,2,27
7/5/2023,Facebook,text,929,610,394,6636,2,2,2023,7,2,27
7/5/2023,Twitter,video,1604,813,353,6526,0,1,2023,7,2,27
7/6/2023,Facebook,video,1339,608,318,6209,2,1,2023,7,3,27
7/6/2023,Facebook,video,1412,480,423,4495,2,1,2023,7,3,27
7/6/2023,Twitter,text,744,595,211,7706,0,2,2023,7,3,27
7/6/2023,Facebook,text,1513,196,364,6488,2,2,2023,7,3,27
7/6/2023,Instagram,image,2188,203,314,6051,1,0,2023,7,3,27
7/6/2023,Instagram,text,1184,254,196,6094,1,2,2023,7,3,27
7/6/2023,Facebook,image,2032,348,366,5990,2,0,2023,7,3,27
7/7/2023,Twitter,video,1063,471,462,5551,0,1,2023,7,4,27
7/7/2023,Twitter,text,2131,255,484,9325,0,2,2023,7,4,27
7/7/2023,Twitter,text,707,783,420,9287,0,2,2023,7,4,27
7/7/2023,Instagram,text,558,735,154,4422,1,2,2023,7,4,27
7/7/2023,Instagram,text,562,176,397,8723,1,2,2023,7,4,27
7/8/2023,Twitter,text,469,476,123,8136,0,2,2023,7,5,27
7/8/2023,Instagram,text,758,386,470,9765,1,2,2023,7,5,27
7/8/2023,Twitter,video,1482,640,345,5816,0,1,2023,7,5,27
7/8/2023,Instagram,video,931,372,217,6686,1,1,2023,7,5,27
7/8/2023,Twitter,video,2134,234,474,9323,0,1,2023,7,5,27
7/8/2023,Twitter,image,913,613,161,4147,0,0,2023,7,5,27
7/9/2023,Twitter,text,2169,571,446,4007,0,2,2023,7,6,27
7/9/2023,Facebook,image,867,447,185,5650,2,0,2023,7,6,27
7/9/2023,Twitter,video,808,440,248,8990,0,1,2023,7,6,27
7/9/2023,Facebook,video,667,491,193,4674,2,1,2023,7,6,27
7/10/2023,Facebook,image,997,832,280,7226,2,0,2023,7,0,28
7/10/2023,Instagram,image,1568,715,301,5394,1,0,2023,7,0,28
7/10/2023,Facebook,video,1296,895,341,5521,2,1,2023,7,0,28
7/10/2023,Twitter,text,2159,356,206,6220,0,2,2023,7,0,28
7/10/2023,Instagram,image,1937,847,137,7666,1,0,2023,7,0,28
7/11/2023,Twitter,video,1131,810,431,9628,0,1,2023,7,1,28
7/11/2023,Twitter,image,2131,126,164,6900,0,0,2023,7,1,28
7/11/2023,Twitter,image,793,267,284,5072,0,0,2023,7,1,28
7/11/2023,Facebook,image,1757,524,382,9865,2,0,2023,7,1,28
7/11/2023,Facebook,video,1459,270,229,5562,2,1,2023,7,1,28
7/11/2023,Facebook,text,1848,793,304,8269,2,2,2023,7,1,28
7/11/2023,Facebook,image,549,882,194,6573,2,0,2023,7,1,28
7/11/2023,Facebook,image,1896,186,472,8576,2,0,2023,7,1,28
7/11/2023,Twitter,text,537,826,443,6382,0,2,2023,7,1,28
7/12/2023,Facebook,image,607,370,137,5838,2,0,2023,7,2,28
7/12/2023,Facebook,image,1668,526,461,4667,2,0,2023,7,2,28
7/12/2023,Twitter,text,1071,357,256,5541,0,2,2023,7,2,28
7/12/2023,Facebook,video,894,240,213,8424,2,1,2023,7,2,28
7/12/2023,Instagram,text,991,234,291,5969,1,2,2023,7,2,28
7/12/2023,Instagram,image,1875,623,142,8452,1,0,2023,7,2,28
7/12/2023,Facebook,image,614,107,480,7241,2,0,2023,7,2,28
7/14/2023,Facebook,text,1676,380,223,7666,2,2,2023,7,4,28
7/14/2023,Twitter,text,406,332,496,7775,0,2,2023,7,4,28
7/14/2023,Twitter,video,926,431,284,6550,0,1,2023,7,4,28
7/14/2023,Twitter,image,1333,657,327,8566,0,0,2023,7,4,28
7/14/2023,Twitter,image,592,564,204,9191,0,0,2023,7,4,28
7/14/2023,Twitter,text,737,335,385,6699,0,2,2023,7,4,28
7/15/2023,Twitter,video,1366,310,378,9386,0,1,2023,7,5,28
7/15/2023,Instagram,text,1915,688,138,6845,1,2,2023,7,5,28
7/15/2023,Facebook,video,1325,727,473,6011,2,1,2023,7,5,28
7/15/2023,Twitter,image,647,459,411,6458,0,0,2023,7,5,28
7/16/2023,Twitter,video,1554,898,453,9505,0,1,2023,7,6,28
7/16/2023,Facebook,video,2123,196,490,5694,2,1,2023,7,6,28
7/16/2023,Instagram,image,740,676,161,6175,1,0,2023,7,6,28
7/16/2023,Instagram,image,803,466,247,4347,1,0,2023,7,6,28
7/17/2023,Instagram,image,459,186,441,4893,1,0,2023,7,0,29
7/17/2023,Instagram,image,546,210,330,5214,1,0,2023,7,0,29
7/17/2023,Instagram,video,479,320,461,4324,1,1,2023,7,0,29
7/17/2023,Instagram,image,881,419,476,8762,1,0,2023,7,0,29
7/17/2023,Twitter,text,1413,255,347,6532,0,2,2023,7,0,29
7/17/2023,Twitter,video,1344,455,277,4830,0,1,2023,7,0,29
7/17/2023,Facebook,text,1691,224,108,4027,2,2,2023,7,0,29
7/17/2023,Instagram,image,1842,469,455,5424,1,0,2023,7,0,29
7/17/2023,Instagram,text,769,163,426,6579,1,2,2023,7,0,29
7/18/2023,Twitter,image,996,587,151,5023,0,0,2023,7,1,29
7/18/2023,Twitter,video,1458,681,371,5432,0,1,2023,7,1,29
7/18/2023,Facebook,video,1345,308,327,9191,2,1,2023,7,1,29
7/18/2023,Instagram,image,535,745,313,6169,1,0,2023,7,1,29
7/19/2023,Instagram,image,654,725,302,7782,1,0,2023,7,2,29
7/19/2023,Twitter,video,2189,720,233,6904,0,1,2023,7,2,29
7/19/2023,Facebook,video,1758,127,137,6093,2,1,2023,7,2,29
7/19/2023,Facebook,text,1382,568,159,4805,2,2,2023,7,2,29
7/19/2023,Instagram,text,1601,119,284,6443,1,2,2023,7,2,29
7/19/2023,Instagram,video,1786,554,306,7759,1,1,2023,7,2,29
7/19/2023,Twitter,image,1903,597,266,8275,0,0,2023,7,2,29
7/20/2023,Facebook,text,1763,190,348,9504,2,2,2023,7,3,29
7/20/2023,Twitter,image,768,240,161,5096,0,0,2023,7,3,29
7/20/2023,Instagram,image,1406,833,391,5570,1,0,2023,7,3,29
7/20/2023,Twitter,text,746,269,121,7528,0,2,2023,7,3,29
7/20/2023,Facebook,image,774,332,327,7309,2,0,2023,7,3,29
7/21/2023,Instagram,video,851,464,113,6949,1,1,2023,7,4,29
7/21/2023,Instagram,image,1870,356,332,4817,1,0,2023,7,4,29
7/21/2023,Facebook,image,1166,634,304,5182,2,0,2023,7,4,29
7/21/2023,Facebook,video,1247,585,467,5158,2,1,2023,7,4,29
7/21/2023,Facebook,text,1425,594,242,7572,2,2,2023,7,4,29
7/21/2023,Facebook,text,1482,797,119,6665,2,2,2023,7,4,29
7/21/2023,Facebook,image,1343,183,263,5885,2,0,2023,7,4,29
7/21/2023,Twitter,text,1075,232,253,6985.5,0,2,2023,7,4,29
7/21/2023,Twitter,text,749,626,123,4056,0,2,2023,7,4,29
7/22/2023,Instagram,image,1089,686,128,4688,1,0,2023,7,5,29
7/22/2023,Facebook,image,1662,491,257,8069,2,0,2023,7,5,29
7/22/2023,Instagram,text,770,645,123,4381,1,2,2023,7,5,29
7/22/2023,Instagram,text,1526,788,388,7525,1,2,2023,7,5,29
7/22/2023,Facebook,image,2107,899,443,9476,2,0,2023,7,5,29
7/22/2023,Twitter,image,604,577,273,6304,0,0,2023,7,5,29
7/23/2023,Twitter,text,2200,466,336,8037,0,2,2023,7,6,29
7/23/2023,Twitter,image,881,250,300,5529,0,0,2023,7,6,29
7/23/2023,Facebook,video,1439,568,390,9115,2,1,2023,7,6,29
7/23/2023,Facebook,image,2062,557,457,5205,2,0,2023,7,6,29
7/24/2023,Instagram,video,769,879,480,6253,1,1,2023,7,0,30
7/24/2023,Twitter,image,1418,699,490,8021,0,0,2023,7,0,30
7/24/2023,Twitter,image,1189,715,370,6381,0,0,2023,7,0,30
7/24/2023,Twitter,text,1673,132,182,9886,0,2,2023,7,0,30
7/24/2023,Instagram,image,669,417,138,9234,1,0,2023,7,0,30
7/25/2023,Twitter,image,632,562,227,6259,0,0,2023,7,1,30
7/25/2023,Twitter,text,522,461,455,4888,0,2,2023,7,1,30
7/25/2023,Instagram,video,1353,867,205,5421,1,1,2023,7,1,30
7/26/2023,Facebook,text,1338,556,153,5421,2,2,2023,7,2,30
7/27/2023,Twitter,text,2036,449,314,9232,0,2,2023,7,3,30
7/27/2023,Instagram,video,1690,431,154,4965,1,1,2023,7,3,30
7/27/2023,Instagram,image,1109,235,234,5082,1,0,2023,7,3,30
7/27/2023,Instagram,text,1583,527,486,9075,1,2,2023,7,3,30
7/27/2023,Instagram,video,1806,442,255,9185,1,1,2023,7,3,30
7/27/2023,Facebook,video,1425,287,275,9698,2,1,2023,7,3,30
7/28/2023,Twitter,text,999,285,170,7490,0,2,2023,7,4,30
7/28/2023,Instagram,video,2048,131,272,4261,1,1,2023,7,4,30
7/28/2023,Twitter,video,1231,130,155,5883,0,1,2023,7,4,30
7/28/2023,Instagram,text,1749,894,175,8134,1,2,2023,7,4,30
7/29/2023,Instagram,video,1462,191,140,6718,1,1,2023,7,5,30
7/29/2023,Facebook,text,1926,838,260,7893,2,2,2023,7,5,30
7/30/2023,Twitter,image,1908,853,401,6841,0,0,2023,7,6,30
7/30/2023,Twitter,video,1097,818,249,7922,0,1,2023,7,6,30
7/30/2023,Facebook,video,587,258,230,6876,2,1,2023,7,6,30
7/30/2023,Twitter,text,1510,180,382,4167,0,2,2023,7,6,30
7/30/2023,Facebook,video,1000,438,416,9346,2,1,2023,7,6,30
7/30/2023,Instagram,video,1756,755,316,8890,1,1,2023,7,6,30
7/30/2023,Facebook,text,2015,861,347,6393,2,2,2023,7,6,30
7/30/2023,Instagram,text,951,491,495,9977,1,2,2023,7,6,30
7/31/2023,Instagram,video,2159,127,268,8632,1,1,2023,7,0,31
7/31/2023,Twitter,image,2080,376,468,7792,0,0,2023,7,0,31
7/31/2023,Facebook,image,1195,832,393,9377,2,0,2023,7,0,31
7/31/2023,Instagram,image,1650,232,257,5213,1,0,2023,7,0,31
7/31/2023,Twitter,text,1116,332,104,4497,0,2,2023,7,0,31
8/1/2023,Instagram,video,1622,614,335,7367,1,1,2023,8,1,31
8/1/2023,Twitter,text,2018,355,435,8740,0,2,2023,8,1,31
8/1/2023,Twitter,image,1580,757,255,9384,0,0,2023,8,1,31
8/1/2023,Twitter,text,2115,813,185,9537,0,2,2023,8,1,31
8/1/2023,Twitter,image,1017,655,351,9663,0,0,2023,8,1,31
8/2/2023,Instagram,image,1885,656,172,8959,1,0,2023,8,2,31
8/2/2023,Facebook,text,1628,836,406,9096,2,2,2023,8,2,31
8/2/2023,Facebook,video,1631,758,296,9421,2,1,2023,8,2,31
8/2/2023,Instagram,video,1975,447,284,5956,1,1,2023,8,2,31
8/3/2023,Instagram,text,2138,302,491,6764,1,2,2023,8,3,31
8/3/2023,Facebook,image,1466,745,147,7062,2,0,2023,8,3,31
8/3/2023,Facebook,image,2021,733,307,5090,2,0,2023,8,3,31
8/3/2023,Twitter,image,609,144,484,7232,0,0,2023,8,3,31
8/3/2023,Twitter,image,2091,754,366,9838,0,0,2023,8,3,31
8/4/2023,Facebook,image,1363,132,133,9382,2,0,2023,8,4,31
8/4/2023,Facebook,text,1594,869,302,4408,2,2,2023,8,4,31
8/4/2023,Twitter,text,1157,689,403,5443,0,2,2023,8,4,31
8/4/2023,Facebook,video,1549,666,284,4558,2,1,2023,8,4,31
8/4/2023,Instagram,text,1386,108,405,7837,1,2,2023,8,4,31
8/5/2023,Twitter,text,2178,464,490,5000,0,2,2023,8,5,31
8/5/2023,Twitter,video,1809,111,276,5909,0,1,2023,8,5,31
8/5/2023,Twitter,text,1606,628,302,5260,0,2,2023,8,5,31
8/5/2023,Instagram,image,669,592,219,9822,1,0,2023,8,5,31
8/5/2023,Instagram,image,1303,611,377,8248,1,0,2023,8,5,31
8/5/2023,Twitter,text,1289,778,315,5517,0,2,2023,8,5,31
8/6/2023,Instagram,image,997,428,256,6434,1,0,2023,8,6,31
8/6/2023,Facebook,video,1534,390,372,5419,2,1,2023,8,6,31
8/6/2023,Facebook,image,1547,818,370,8768,2,0,2023,8,6,31
8/7/2023,Instagram,image,1633,654,168,4506,1,0,2023,8,0,32
8/7/2023,Twitter,text,1518,858,256,8541,0,2,2023,8,0,32
8/7/2023,Facebook,image,612,690,258,5908,2,0,2023,8,0,32
8/7/2023,Instagram,image,866,724,296,4731,1,0,2023,8,0,32
8/8/2023,Twitter,text,1495,178,209,9049,0,2,2023,8,1,32
8/8/2023,Twitter,image,1338,372,232,4552,0,0,2023,8,1,32
8/8/2023,Twitter,video,1028,636,500,4046,0,1,2023,8,1,32
8/8/2023,Facebook,video,922,244,371,4333,2,1,2023,8,1,32
8/8/2023,Instagram,video,1971,634,174,4807,1,1,2023,8,1,32
8/8/2023,Twitter,video,1939,578,121,8833,0,1,2023,8,1,32
8/8/2023,Instagram,video,762,603,109,7443,1,1,2023,8,1,32
8/9/2023,Instagram,image,412,876,408,9547,1,0,2023,8,2,32
8/9/2023,Twitter,image,1953,357,181,7045,0,0,2023,8,2,32
8/9/2023,Twitter,video,648,146,168,5562,0,1,2023,8,2,32
8/9/2023,Instagram,video,1869,877,299,5875,1,1,2023,8,2,32
8/9/2023,Instagram,text,1112,591,460,8554,1,2,2023,8,2,32
8/9/2023,Facebook,image,1658,804,189,4818,2,0,2023,8,2,32
8/9/2023,Facebook,text,1790,297,158,6655,2,2,2023,8,2,32
8/10/2023,Instagram,image,1469,254,226,7361,1,0,2023,8,3,32
8/10/2023,Facebook,video,491,323,298,6876,2,1,2023,8,3,32
8/10/2023,Instagram,text,1828,856,343,4784,1,2,2023,8,3,32
8/10/2023,Twitter,image,1108,364,413,7293,0,0,2023,8,3,32
8/10/2023,Instagram,text,947,335,235,6946,1,2,2023,8,3,32
8/11/2023,Twitter,text,504,325,474,7354,0,2,2023,8,4,32
8/11/2023,Twitter,image,1516,809,377,5499,0,0,2023,8,4,32
8/11/2023,Twitter,image,2187,551,102,4134,0,0,2023,8,4,32
8/11/2023,Instagram,image,597,437,198,4401,1,0,2023,8,4,32
8/12/2023,Instagram,video,1639,497,375,9228,1,1,2023,8,5,32
8/12/2023,Twitter,text,1254,208,136,6571,0,2,2023,8,5,32
8/12/2023,Facebook,image,997,591,492,7327,2,0,2023,8,5,32
8/12/2023,Instagram,image,1737,357,451,4467,1,0,2023,8,5,32
8/12/2023,Twitter,text,1919,720,387,8951,0,2,2023,8,5,32
8/12/2023,Twitter,video,610,604,453,9754,0,1,2023,8,5,32
8/13/2023,Twitter,text,402,676,206,4649,0,2,2023,8,6,32
8/13/2023,Facebook,image,780,719,371,5926,2,0,2023,8,6,32
8/13/2023,Twitter,text,1989,499,285,6428,0,2,2023,8,6,32
8/13/2023,Facebook,video,2037,458,238,6801,2,1,2023,8,6,32
8/13/2023,Twitter,image,835,532,424,9236,0,0,2023,8,6,32
8/14/2023,Facebook,image,1035,678,459,9144,2,0,2023,8,0,33
8/14/2023,Facebook,text,1838,677,490,9623,2,2,2023,8,0,33
8/14/2023,Instagram,image,803,874,224,7414,1,0,2023,8,0,33
8/14/2023,Twitter,image,1313,315,403,6671,0,0,2023,8,0,33
8/14/2023,Twitter,image,1327,768,430,4914,0,0,2023,8,0,33
8/14/2023,Twitter,video,1099,151,330,5682,0,1,2023,8,0,33
8/14/2023,Instagram,video,1737,172,287,4502,1,1,2023,8,0,33
8/14/2023,Facebook,video,796,538,468,4333,2,1,2023,8,0,33
8/15/2023,Instagram,text,696,845,338,7853,1,2,2023,8,1,33
8/15/2023,Twitter,text,1790,142,348,7055,0,2,2023,8,1,33
8/15/2023,Instagram,text,1439,194,191,7362,1,2,2023,8,1,33
8/15/2023,Facebook,video,766,620,320,7599,2,1,2023,8,1,33
8/15/2023,Instagram,video,545,158,388,6084,1,1,2023,8,1,33
8/15/2023,Facebook,text,1252,565,493,5598,2,2,2023,8,1,33
8/16/2023,Facebook,video,1811,697,198,8791,2,1,2023,8,2,33
8/16/2023,Twitter,video,725,147,314,5075,0,1,2023,8,2,33
8/16/2023,Instagram,text,883,892,194,4118,1,2,2023,8,2,33
8/16/2023,Twitter,image,1993,104,115,7656,0,0,2023,8,2,33
8/16/2023,Twitter,image,2089,626,209,6488,0,0,2023,8,2,33
8/17/2023,Facebook,text,1272,253,410,8866,2,2,2023,8,3,33
8/17/2023,Facebook,text,1172,346,280,5752,2,2,2023,8,3,33
8/17/2023,Instagram,video,1912,159,337,8048,1,1,2023,8,3,33
8/17/2023,Twitter,image,974,421,185,7950,0,0,2023,8,3,33
8/17/2023,Twitter,image,1791,632,198,4595,0,0,2023,8,3,33
8/17/2023,Facebook,video,459,656,437,6563,2,1,2023,8,3,33
8/17/2023,Instagram,video,2098,322,315,4690,1,1,2023,8,3,33
8/17/2023,Facebook,video,1959,270,374,9223,2,1,2023,8,3,33
8/17/2023,Twitter,video,1260,272,254,9964,0,1,2023,8,3,33
8/17/2023,Facebook,video,1630,507,143,4102,2,1,2023,8,3,33
8/17/2023,Twitter,image,1949,859,339,5437,0,0,2023,8,3,33
8/17/2023,Facebook,video,1808,126,409,9754,2,1,2023,8,3,33
8/18/2023,Facebook,image,936,120,164,9093,2,0,2023,8,4,33
8/18/2023,Facebook,image,437,439,277,9563,2,0,2023,8,4,33
8/18/2023,Facebook,text,1101,704,190,7977,2,2,2023,8,4,33
8/18/2023,Facebook,text,587,292,353,4329,2,2,2023,8,4,33
8/19/2023,Instagram,text,811,832,382,6762,1,2,2023,8,5,33
8/19/2023,Instagram,image,1667,182,477,4930,1,0,2023,8,5,33
8/19/2023,Twitter,text,980,448,481,9684,0,2,2023,8,5,33
8/19/2023,Twitter,image,1383,205,386,9326,0,0,2023,8,5,33
8/20/2023,Facebook,video,463,261,306,8273,2,1,2023,8,6,33
8/20/2023,Instagram,video,2154,627,164,4921,1,1,2023,8,6,33
8/21/2023,Facebook,text,963,851,163,7037,2,2,2023,8,0,34
8/21/2023,Instagram,image,2161,873,379,7107,1,0,2023,8,0,34
8/21/2023,Instagram,text,1780,432,319,6389,1,2,2023,8,0,34
8/21/2023,Twitter,text,1891,900,113,9085,0,2,2023,8,0,34
8/21/2023,Twitter,text,2186,290,442,9573,0,2,2023,8,0,34
8/22/2023,Instagram,image,1620,836,279,5653,1,0,2023,8,1,34
8/22/2023,Twitter,image,1276,664,381,5408,0,0,2023,8,1,34
8/22/2023,Facebook,text,1024,751,207,5288,2,2,2023,8,1,34
8/22/2023,Instagram,image,796,539,337,5083,1,0,2023,8,1,34
8/23/2023,Instagram,image,2078,236,402,4822,1,0,2023,8,2,34
8/23/2023,Twitter,image,1099,827,264,7677,0,0,2023,8,2,34
8/23/2023,Twitter,image,1613,852,203,6674,0,0,2023,8,2,34
8/24/2023,Twitter,image,1274,773,375,7419,0,0,2023,8,3,34
8/25/2023,Twitter,image,1995,715,334,6327,0,0,2023,8,4,34
8/25/2023,Instagram,text,2147,293,463,4234,1,2,2023,8,4,34
8/25/2023,Facebook,image,944,217,484,7092,2,0,2023,8,4,34
8/26/2023,Twitter,text,1870,760,168,6891,0,2,2023,8,5,34
8/26/2023,Twitter,image,1691,220,145,7268,0,0,2023,8,5,34
8/26/2023,Facebook,text,859,377,268,6210,2,2,2023,8,5,34
8/26/2023,Instagram,text,1898,375,276,9633,1,2,2023,8,5,34
8/26/2023,Instagram,image,1872,238,450,7347,1,0,2023,8,5,34
8/27/2023,Twitter,text,739,743,356,5833,0,2,2023,8,6,34
8/27/2023,Facebook,image,663,189,220,9521,2,0,2023,8,6,34
8/27/2023,Instagram,video,1921,450,370,8957,1,1,2023,8,6,34
8/27/2023,Twitter,video,1114,667,412,9521,0,1,2023,8,6,34
8/28/2023,Instagram,text,2061,698,308,4871,1,2,2023,8,0,35
8/28/2023,Twitter,video,1567,488,346,9240,0,1,2023,8,0,35
8/28/2023,Twitter,image,1981,322,411,6089,0,0,2023,8,0,35
8/28/2023,Twitter,video,827,214,452,9289,0,1,2023,8,0,35
8/28/2023,Twitter,video,570,288,432,5871,0,1,2023,8,0,35
8/28/2023,Instagram,video,1961,443,263,5410,1,1,2023,8,0,35
8/29/2023,Instagram,text,1220,645,420,9408,1,2,2023,8,1,35
8/29/2023,Twitter,video,1369,293,237,7795,0,1,2023,8,1,35
8/29/2023,Twitter,text,1751,671,434,7637,0,2,2023,8,1,35
8/29/2023,Facebook,text,426,789,349,7018,2,2,2023,8,1,35
8/30/2023,Twitter,image,814,748,253,6518,0,0,2023,8,2,35
8/30/2023,Twitter,text,1352,113,132,8682,0,2,2023,8,2,35
8/30/2023,Instagram,text,1971,845,302,4022,1,2,2023,8,2,35
8/30/2023,Instagram,image,807,576,283,4258,1,0,2023,8,2,35
8/31/2023,Twitter,text,1420,217,424,4536,0,2,2023,8,3,35
8/31/2023,Twitter,image,845,578,153,8970,0,0,2023,8,3,35
8/31/2023,Twitter,video,1975,385,290,4209,0,1,2023,8,3,35
8/31/2023,Twitter,video,2129,395,258,4836,0,1,2023,8,3,35
9/1/2023,Twitter,image,1381,581,410,9339,0,0,2023,9,4,35
9/1/2023,Facebook,image,1476,180,407,8650,2,0,2023,9,4,35
9/1/2023,Facebook,text,1296,404,467,9055,2,2,2023,9,4,35
9/1/2023,Twitter,video,1555,643,239,4360,0,1,2023,9,4,35
9/2/2023,Twitter,image,702,185,229,7824,0,0,2023,9,5,35
9/2/2023,Facebook,text,1483,480,340,5492,2,2,2023,9,5,35
9/2/2023,Twitter,text,1032,741,164,9191,0,2,2023,9,5,35
9/2/2023,Instagram,image,1055,557,407,8964,1,0,2023,9,5,35
9/2/2023,Twitter,image,632,369,299,8469,0,0,2023,9,5,35
9/2/2023,Facebook,text,1516,708,397,6860,2,2,2023,9,5,35
9/3/2023,Instagram,video,1545,464,359,6151,1,1,2023,9,6,35
9/3/2023,Facebook,image,520,571,294,9911,2,0,2023,9,6,35
9/3/2023,Facebook,image,401,129,129,5146,2,0,2023,9,6,35
9/3/2023,Instagram,video,1353,491,487,7936,1,1,2023,9,6,35
9/4/2023,Facebook,text,1064,456,113,5087,2,2,2023,9,0,36
9/4/2023,Facebook,video,471,631,159,8264,2,1,2023,9,0,36
9/4/2023,Instagram,video,490,153,287,7421,1,1,2023,9,0,36
9/4/2023,Facebook,text,544,869,415,9429,2,2,2023,9,0,36
9/4/2023,Twitter,video,1532,869,303,6991,0,1,2023,9,0,36
9/4/2023,Twitter,text,542,192,499,8471,0,2,2023,9,0,36
9/4/2023,Twitter,video,1551,102,237,9282,0,1,2023,9,0,36
9/4/2023,Instagram,video,591,424,343,6812,1,1,2023,9,0,36
9/4/2023,Facebook,text,923,477,481,9104,2,2,2023,9,0,36
9/4/2023,Twitter,image,1788,223,164,5406,0,0,2023,9,0,36
9/5/2023,Twitter,image,421,791,291,4230,0,0,2023,9,1,36
9/5/2023,Facebook,video,964,731,473,6148,2,1,2023,9,1,36
9/5/2023,Twitter,video,1967,200,324,7711,0,1,2023,9,1,36
9/5/2023,Facebook,image,904,666,316,5936,2,0,2023,9,1,36
9/6/2023,Twitter,text,1661,893,103,9686,0,2,2023,9,2,36
9/6/2023,Facebook,text,598,795,339,9127,2,2,2023,9,2,36
9/6/2023,Facebook,text,857,526,376,8609,2,2,2023,9,2,36
9/6/2023,Twitter,image,470,399,286,9532,0,0,2023,9,2,36
9/6/2023,Twitter,text,1881,281,386,7431,0,2,2023,9,2,36
9/6/2023,Instagram,image,865,554,263,4506,1,0,2023,9,2,36
9/7/2023,Instagram,image,2173,888,239,4816,1,0,2023,9,3,36
9/7/2023,Instagram,text,1765,477,242,6615,1,2,2023,9,3,36
9/7/2023,Facebook,video,959,398,483,9915,2,1,2023,9,3,36
9/7/2023,Twitter,video,978,626,225,8076,0,1,2023,9,3,36
9/7/2023,Instagram,text,1185,336,310,5271,1,2,2023,9,3,36
9/7/2023,Instagram,text,1751,753,299,6254,1,2,2023,9,3,36
9/7/2023,Facebook,image,1410,350,222,5665,2,0,2023,9,3,36
9/8/2023,Instagram,text,1680,194,408,4494,1,2,2023,9,4,36
9/8/2023,Instagram,image,1420,301,101,4696,1,0,2023,9,4,36
9/8/2023,Instagram,text,1419,165,119,9729,1,2,2023,9,4,36
9/9/2023,Twitter,image,1592,665,349,8439,0,0,2023,9,5,36
9/9/2023,Instagram,text,916,500,498,4075,1,2,2023,9,5,36
9/9/2023,Facebook,video,858,791,437,4369,2,1,2023,9,5,36
9/10/2023,Instagram,image,454,665,425,6182,1,0,2023,9,6,36
9/10/2023,Twitter,image,403,683,201,9417,0,0,2023,9,6,36
9/10/2023,Twitter,video,415,592,417,6228,0,1,2023,9,6,36
9/10/2023,Instagram,text,1484,512,129,4823,1,2,2023,9,6,36
9/10/2023,Instagram,text,1949,101,156,8654,1,2,2023,9,6,36
9/10/2023,Twitter,image,1613,747,185,5418,0,0,2023,9,6,36
9/10/2023,Instagram,image,910,486,406,5731,1,0,2023,9,6,36
9/10/2023,Facebook,text,1503,820,314,7144,2,2,2023,9,6,36
9/11/2023,Facebook,image,596,486,248,4861,2,0,2023,9,0,37
9/11/2023,Instagram,image,1740,174,218,6273,1,0,2023,9,0,37
9/11/2023,Facebook,image,621,438,301,9779,2,0,2023,9,0,37
9/11/2023,Facebook,image,1910,678,173,5775,2,0,2023,9,0,37
9/11/2023,Twitter,image,2162,854,289,8143,0,0,2023,9,0,37
9/11/2023,Instagram,text,1333,768,475,8652,1,2,2023,9,0,37
9/11/2023,Twitter,video,973,428,274,9811,0,1,2023,9,0,37
9/11/2023,Instagram,text,887,715,125,8776,1,2,2023,9,0,37
9/12/2023,Instagram,text,572,638,120,6807,1,2,2023,9,1,37
9/12/2023,Instagram,image,407,530,320,8211,1,0,2023,9,1,37
9/12/2023,Facebook,text,1410,217,428,9762,2,2,2023,9,1,37
9/13/2023,Twitter,text,1560,823,390,8446,0,2,2023,9,2,37
9/13/2023,Facebook,video,2130,891,384,4459,2,1,2023,9,2,37
9/14/2023,Facebook,video,1400,273,445,7037,2,1,2023,9,3,37
9/14/2023,Twitter,text,1579,478,301,7302,0,2,2023,9,3,37
9/14/2023,Facebook,video,1222,347,310,8320,2,1,2023,9,3,37
9/14/2023,Twitter,video,1248,243,363,5748,0,1,2023,9,3,37
9/14/2023,Facebook,text,1014,898,425,8844,2,2,2023,9,3,37
9/15/2023,Facebook,video,1476,835,441,7841,2,1,2023,9,4,37
9/15/2023,Instagram,image,746,824,235,6198,1,0,2023,9,4,37
9/15/2023,Facebook,image,1690,116,159,5027,2,0,2023,9,4,37
9/15/2023,Twitter,image,1052,318,411,9196,0,0,2023,9,4,37
9/15/2023,Twitter,video,1295,724,456,4995,0,1,2023,9,4,37
9/15/2023,Instagram,text,1471,417,479,4976,1,2,2023,9,4,37
9/15/2023,Twitter,text,1026,675,275,7227,0,2,2023,9,4,37
9/15/2023,Instagram,image,456,806,303,8390,1,0,2023,9,4,37
9/16/2023,Facebook,text,1767,199,241,6767,2,2,2023,9,5,37
9/16/2023,Facebook,video,769,436,170,7547,2,1,2023,9,5,37
9/16/2023,Facebook,text,1186,755,143,6745,2,2,2023,9,5,37
9/16/2023,Facebook,text,2083,278,464,8197,2,2,2023,9,5,37
9/16/2023,Facebook,image,2097,426,151,4087,2,0,2023,9,5,37
9/17/2023,Instagram,text,2105,557,139,8293,1,2,2023,9,6,37
9/17/2023,Instagram,image,1710,106,202,6555,1,0,2023,9,6,37
9/17/2023,Facebook,image,1534,501,224,8041,2,0,2023,9,6,37
9/17/2023,Twitter,video,1625,318,453,4198,0,1,2023,9,6,37
9/17/2023,Facebook,image,427,510,312,4739,2,0,2023,9,6,37
9/17/2023,Instagram,image,508,684,124,5572,1,0,2023,9,6,37
9/17/2023,Instagram,text,1730,532,312,4353,1,2,2023,9,6,37
9/17/2023,Twitter,text,406,425,114,5499,0,2,2023,9,6,37
9/17/2023,Facebook,video,814,125,388,6239,2,1,2023,9,6,37
9/18/2023,Twitter,video,1450,243,432,6142,0,1,2023,9,0,38
9/18/2023,Twitter,image,1121,765,449,6408,0,0,2023,9,0,38
9/18/2023,Instagram,text,1965,259,197,8233,1,2,2023,9,0,38
9/18/2023,Twitter,video,528,207,341,6588,0,1,2023,9,0,38
9/18/2023,Instagram,image,1626,871,225,8820,1,0,2023,9,0,38
9/19/2023,Instagram,video,2051,352,351,8223,1,1,2023,9,1,38
9/19/2023,Instagram,video,1504,888,391,5782,1,1,2023,9,1,38
9/19/2023,Twitter,video,1978,396,199,5860,0,1,2023,9,1,38
9/19/2023,Facebook,text,704,815,122,5814,2,2,2023,9,1,38
9/20/2023,Instagram,image,707,845,314,7833,1,0,2023,9,2,38
9/20/2023,Facebook,video,1445,129,170,8095,2,1,2023,9,2,38
9/20/2023,Twitter,image,684,470,102,8413,0,0,2023,9,2,38
9/20/2023,Facebook,image,877,213,122,7489,2,0,2023,9,2,38
9/20/2023,Twitter,text,2129,748,126,7659,0,2,2023,9,2,38
9/20/2023,Facebook,video,2125,172,292,6547,2,1,2023,9,2,38
9/21/2023,Facebook,image,1599,162,485,8609,2,0,2023,9,3,38
9/21/2023,Instagram,video,804,639,289,8483,1,1,2023,9,3,38
9/21/2023,Instagram,video,851,262,126,4578,1,1,2023,9,3,38
9/21/2023,Instagram,image,1482,512,185,4073,1,0,2023,9,3,38
9/21/2023,Facebook,text,930,384,194,8824,2,2,2023,9,3,38
9/21/2023,Facebook,text,931,878,320,7451,2,2,2023,9,3,38
9/21/2023,Twitter,image,635,729,167,5137,0,0,2023,9,3,38
9/21/2023,Facebook,video,1741,722,273,5333,2,1,2023,9,3,38
9/22/2023,Twitter,video,419,481,342,7399,0,1,2023,9,4,38
9/22/2023,Facebook,image,1254,292,300,7117,2,0,2023,9,4,38
9/22/2023,Twitter,image,1198,550,371,5055,0,0,2023,9,4,38
9/23/2023,Instagram,image,869,269,179,7053,1,0,2023,9,5,38
9/23/2023,Instagram,video,1482,493,387,8329,1,1,2023,9,5,38
9/23/2023,Twitter,video,1588,447,184,5792,0,1,2023,9,5,38
9/23/2023,Facebook,video,1424,546,292,7084,2,1,2023,9,5,38
9/23/2023,Facebook,text,1738,509,387,7221,2,2,2023,9,5,38
9/23/2023,Instagram,image,980,890,252,4104,1,0,2023,9,5,38
9/23/2023,Facebook,video,2041,142,214,6466,2,1,2023,9,5,38
9/23/2023,Facebook,image,1146,175,220,8399,2,0,2023,9,5,38
9/24/2023,Twitter,text,1798,290,271,8402,0,2,2023,9,6,38
9/24/2023,Twitter,video,1231,625,402,7279,0,1,2023,9,6,38
9/24/2023,Twitter,image,771,740,372,8329,0,0,2023,9,6,38
9/24/2023,Twitter,text,663,144,175,7544,0,2,2023,9,6,38
9/24/2023,Instagram,text,1802,824,458,6834,1,2,2023,9,6,38
9/25/2023,Instagram,video,559,524,338,6201,1,1,2023,9,0,39
9/25/2023,Twitter,image,1469,448,466,7924,0,0,2023,9,0,39
9/25/2023,Facebook,video,494,815,217,8086,2,1,2023,9,0,39
9/25/2023,Facebook,video,774,720,162,9305,2,1,2023,9,0,39
9/25/2023,Facebook,video,786,398,338,4619,2,1,2023,9,0,39
9/25/2023,Instagram,text,1114,344,448,4704,1,2,2023,9,0,39
9/25/2023,Facebook,text,1826,156,291,9977,2,2,2023,9,0,39
9/26/2023,Facebook,video,1748,732,132,7555,2,1,2023,9,1,39
9/26/2023,Twitter,video,631,417,330,5768,0,1,2023,9,1,39
9/26/2023,Twitter,image,1177,383,130,4470,0,0,2023,9,1,39
9/26/2023,Twitter,image,426,101,465,9380,0,0,2023,9,1,39
9/26/2023,Instagram,text,2124,840,193,8525,1,2,2023,9,1,39
9/26/2023,Facebook,video,1587,162,298,6223,2,1,2023,9,1,39
9/27/2023,Twitter,image,1664,282,476,8693,0,0,2023,9,2,39
9/28/2023,Twitter,image,2182,696,267,6501,0,0,2023,9,3,39
9/28/2023,Twitter,image,1403,725,215,9987,0,0,2023,9,3,39
9/28/2023,Facebook,text,2176,361,252,8113,2,2,2023,9,3,39
9/28/2023,Facebook,text,1989,526,359,9738,2,2,2023,9,3,39
9/28/2023,Instagram,video,1492,430,441,7191,1,1,2023,9,3,39
9/29/2023,Twitter,video,1014,762,140,6763,0,1,2023,9,4,39
9/29/2023,Twitter,video,1687,778,421,7914,0,1,2023,9,4,39
9/29/2023,Instagram,text,590,362,245,4356,1,2,2023,9,4,39
9/29/2023,Facebook,text,702,758,422,7065,2,2,2023,9,4,39
9/29/2023,Facebook,image,1168,512,335,8673,2,0,2023,9,4,39
9/29/2023,Twitter,video,683,585,500,6946,0,1,2023,9,4,39
9/29/2023,Facebook,video,2046,526,459,9565,2,1,2023,9,4,39
9/29/2023,Instagram,text,833,730,203,9008,1,2,2023,9,4,39
9/29/2023,Facebook,image,796,682,168,4519,2,0,2023,9,4,39
9/29/2023,Instagram,video,1073,380,277,5219,1,1,2023,9,4,39
9/30/2023,Facebook,video,1511,251,217,8171,2,1,2023,9,5,39
9/30/2023,Instagram,image,2070,296,174,5901,1,0,2023,9,5,39
9/30/2023,Facebook,video,1404,198,428,5724,2,1,2023,9,5,39
10/1/2023,Instagram,image,1044,468,117,9346,1,0,2023,10,6,39
10/1/2023,Instagram,image,505,565,441,5595,1,0,2023,10,6,39
10/1/2023,Instagram,image,805,299,214,6080,1,0,2023,10,6,39
10/1/2023,Twitter,image,906,227,134,6606,0,0,2023,10,6,39
10/1/2023,Facebook,text,893,254,379,4730,2,2,2023,10,6,39
10/1/2023,Facebook,video,1130,670,225,6575,2,1,2023,10,6,39
10/1/2023,Facebook,video,1387,299,342,7145,2,1,2023,10,6,39
10/1/2023,Instagram,text,613,596,176,7990,1,2,2023,10,6,39
10/1/2023,Instagram,text,698,893,280,5836,1,2,2023,10,6,39
10/1/2023,Instagram,image,617,376,296,5552,1,0,2023,10,6,39
10/2/2023,Instagram,text,1201,359,248,8667,1,2,2023,10,0,40
10/2/2023,Twitter,image,1058,856,494,8142,0,0,2023,10,0,40
10/2/2023,Instagram,video,1788,301,378,9701,1,1,2023,10,0,40
10/2/2023,Twitter,image,457,544,408,8559,0,0,2023,10,0,40
10/2/2023,Facebook,image,778,496,148,4003,2,0,2023,10,0,40
10/3/2023,Instagram,video,1609,318,310,4043,1,1,2023,10,1,40
10/3/2023,Instagram,text,2029,871,426,5718,1,2,2023,10,1,40
10/3/2023,Instagram,image,2091,404,153,5549,1,0,2023,10,1,40
10/3/2023,Facebook,video,1784,364,433,6971,2,1,2023,10,1,40
10/3/2023,Twitter,video,1562,323,194,4291,0,1,2023,10,1,40
10/3/2023,Facebook,text,583,364,268,5361,2,2,2023,10,1,40
10/3/2023,Twitter,image,785,351,226,5431,0,0,2023,10,1,40
10/3/2023,Twitter,image,1815,574,176,6845,0,0,2023,10,1,40
10/3/2023,Facebook,image,871,562,243,4592,2,0,2023,10,1,40
10/3/2023,Instagram,text,2132,271,265,4835,1,2,2023,10,1,40
10/4/2023,Facebook,video,882,704,495,6932,2,1,2023,10,2,40
10/4/2023,Instagram,image,1063,507,279,9742,1,0,2023,10,2,40
10/4/2023,Facebook,text,1795,754,475,6476,2,2,2023,10,2,40
10/4/2023,Facebook,text,1920,174,331,9553,2,2,2023,10,2,40
10/4/2023,Twitter,image,697,204,332,5716,0,0,2023,10,2,40
10/4/2023,Facebook,video,2166,790,352,7037,2,1,2023,10,2,40
10/4/2023,Instagram,video,1110,159,269,8156,1,1,2023,10,2,40
10/4/2023,Facebook,video,1873,733,320,4882,2,1,2023,10,2,40
10/4/2023,Instagram,text,1077,459,295,8852,1,2,2023,10,2,40
10/5/2023,Instagram,image,1931,603,197,5081,1,0,2023,10,3,40
10/5/2023,Instagram,video,1378,133,174,7304,1,1,2023,10,3,40
10/5/2023,Instagram,text,989,188,366,5422,1,2,2023,10,3,40
10/5/2023,Instagram,video,1438,530,231,4651,1,1,2023,10,3,40
10/5/2023,Facebook,image,1179,893,396,7261,2,0,2023,10,3,40
10/5/2023,Facebook,image,626,239,393,4480,2,0,2023,10,3,40
10/5/2023,Twitter,video,553,881,392,6880,0,1,2023,10,3,40
10/5/2023,Facebook,video,1987,744,158,7565,2,1,2023,10,3,40
10/5/2023,Instagram,image,1237,670,320,6449,1,0,2023,10,3,40
10/5/2023,Instagram,video,596,607,228,9608,1,1,2023,10,3,40
10/6/2023,Instagram,video,808,315,493,6148,1,1,2023,10,4,40
10/6/2023,Instagram,image,1658,417,440,7661,1,0,2023,10,4,40
10/6/2023,Instagram,video,2074,449,246,7383,1,1,2023,10,4,40
10/6/2023,Instagram,text,1555,363,472,4538,1,2,2023,10,4,40
10/6/2023,Instagram,image,2045,682,194,5364,1,0,2023,10,4,40
10/6/2023,Facebook,text,463,308,157,6093,2,2,2023,10,4,40
10/6/2023,Twitter,image,1438,425,421,4340,0,0,2023,10,4,40
10/6/2023,Instagram,text,1054,780,379,4802,1,2,2023,10,4,40
10/7/2023,Instagram,text,1791,232,278,6632,1,2,2023,10,5,40
10/7/2023,Instagram,image,1872,243,257,9742,1,0,2023,10,5,40
10/7/2023,Instagram,video,2060,549,335,4859,1,1,2023,10,5,40
10/7/2023,Twitter,text,800,717,226,6651,0,2,2023,10,5,40
10/8/2023,Instagram,image,686,202,444,8060,1,0,2023,10,6,40
10/8/2023,Instagram,text,472,126,260,7374,1,2,2023,10,6,40
10/8/2023,Twitter,image,1490,175,363,7006,0,0,2023,10,6,40
10/8/2023,Instagram,image,1332,643,149,5341,1,0,2023,10,6,40
10/9/2023,Instagram,image,1015,491,201,7524,1,0,2023,10,0,41
10/9/2023,Instagram,image,2006,892,178,8038,1,0,2023,10,0,41
10/9/2023,Instagram,text,405,126,471,9830,1,2,2023,10,0,41
10/9/2023,Facebook,video,419,152,157,8600,2,1,2023,10,0,41
10/10/2023,Instagram,image,932,304,423,7300,1,0,2023,10,1,41
10/10/2023,Facebook,text,1630,822,454,7798,2,2,2023,10,1,41
10/10/2023,Twitter,text,1817,810,390,6255,0,2,2023,10,1,41
10/10/2023,Instagram,image,2146,485,327,6075,1,0,2023,10,1,41
10/10/2023,Twitter,image,531,550,352,7490,0,0,2023,10,1,41
10/10/2023,Twitter,video,738,324,150,4225,0,1,2023,10,1,41
10/10/2023,Twitter,video,1598,121,347,6310,0,1,2023,10,1,41
10/10/2023,Twitter,text,1267,327,217,9025,0,2,2023,10,1,41
10/10/2023,Twitter,text,594,671,130,8075,0,2,2023,10,1,41
10/10/2023,Instagram,video,1797,514,177,7758,1,1,2023,10,1,41
10/11/2023,Twitter,video,1022,697,181,8644,0,1,2023,10,2,41
10/11/2023,Instagram,text,1913,205,120,4104,1,2,2023,10,2,41
10/11/2023,Instagram,image,2018,135,359,8738,1,0,2023,10,2,41
10/11/2023,Facebook,text,1082,579,168,7554,2,2,2023,10,2,41
10/11/2023,Twitter,video,1490,635,174,8974,0,1,2023,10,2,41
10/11/2023,Facebook,video,1800,608,270,7741,2,1,2023,10,2,41
10/11/2023,Twitter,image,775,373,353,9050,0,0,2023,10,2,41
10/12/2023,Facebook,image,1015,258,277,7851,2,0,2023,10,3,41
10/12/2023,Instagram,text,1753,197,391,6430,1,2,2023,10,3,41
10/12/2023,Instagram,image,2145,680,432,6388,1,0,2023,10,3,41
10/12/2023,Instagram,video,649,602,174,6168,1,1,2023,10,3,41
10/12/2023,Instagram,image,1495,238,368,9736,1,0,2023,10,3,41
10/12/2023,Instagram,video,1238,899,425,5855,1,1,2023,10,3,41
10/13/2023,Facebook,image,622,546,347,5326,2,0,2023,10,4,41
10/13/2023,Twitter,text,2136,378,435,4415,0,2,2023,10,4,41
10/13/2023,Twitter,text,2016,505,268,4469,0,2,2023,10,4,41
10/13/2023,Facebook,image,2053,793,489,9140,2,0,2023,10,4,41
10/13/2023,Instagram,video,480,494,320,8670,1,1,2023,10,4,41
10/13/2023,Instagram,text,2063,123,319,8101,1,2,2023,10,4,41
10/13/2023,Twitter,image,496,326,126,6376,0,0,2023,10,4,41
